Région,Nom DR,Secteur RA VL ou Zone MV,Nom RA VL ou Nom R. Zone,Nom AO,Libelle CM regroupés,CM,Libelle Centre,Statut,Classe,Nb EAD,"Rattachement
direct CGO VI","Rattachement
direct CGO VL",Nom RCS,Prénom RCS,email,"Ligne pour les clients(diffusion OK)",Tél mobile resp.,"Ligne directe centre
(ne pas diffuser aux clients)",Adresse,Code Postal,Ville,"Animateur Prévention
Santé Sécurité",Nom_RRH,Nom_GRH
AUVERGNE OCCITANIE PYRENEES,MESLIN,AUVERGNE OCCITANIE PYRENEES MV Hors zones, ,GELLY,Bourges VI,3044,Bourges VI,OUVERT,MV , , ,BENARD-SERIZIER,THIERRY,frrcs3044@euromaster.com,02-48-48-19-50,06-07-73-17-89,02-56-05-91-50,ZAC DE VARENNE RUE NICEPHORE NIEPCE,18000,BOURGES,CHAMBAT Philippe,FRADIN BRUNO,KODAT Jessica
AUVERGNE OCCITANIE PYRENEES,MESLIN,AUVERGNE OCCITANIE PYRENEES MV Hors zones, ,GELLY,Foix Barcelone,3152,Foix Barcelone,OUVERT,MX, , ,Montpellier,COSTECEQUE,YOANN,frrcs3152@euromaster.com,05-61-65-01-41,06-84-52-97-52,05-87-43-70-51,16 AVENUE DE BARCELONE,09000,FOIX,CHAMBAT Philippe,FRADIN BRUNO,KODAT Jessica
AUVERGNE OCCITANIE PYRENEES,MESLIN,AUVERGNE OCCITANIE PYRENEES MV Hors zones, ,GELLY,Lavelanet,3182,Lavelanet,OUVERT,MX, , ,Montpellier,BARRIERE,RENAUD,frrcs3182@euromaster.com,05-61-01-03-58,06-70-10-10-95,05-87-43-71-61,94 RUE GENERAL DE GAULLE,09300,LAVELANET,CHAMBAT Philippe,FRADIN BRUNO,KODAT Jessica
AUVERGNE OCCITANIE PYRENEES,MESLIN,AUVERGNE OCCITANIE PYRENEES MV Hors zones, ,GELLY,Millau,3227,Millau,OUVERT,MX, , ,Montpellier,MESPOULEDE,SEBASTIEN,frrcs3227@euromaster.com,05-65-60-05-56,06-63-66-76-21,03-59-71-51-40,570 AVENUE DE L EUROPE,12100,MILLAU,CHAMBAT Philippe,FRADIN BRUNO,KODAT Jessica
AUVERGNE OCCITANIE PYRENEES,MESLIN,AUVERGNE OCCITANIE PYRENEES MV Hors zones, ,GELLY,Onet le château,3259,Onet le château,OUVERT,MX, , ,Montpellier,BEZANILLA,STEPHANE,frrcs3259@euromaster.com,05-65-67-07-43,06-70-61-78-89,VL: 03-58-93-62-81 / VI: 03-58-93-62-80,RUE DE LAPANOUSE POLE COMMERCIAL COMTAL OUEST,12850,ONET LE CHATEAU,CHAMBAT Philippe,FRADIN BRUNO,KODAT Jessica
AUVERGNE OCCITANIE PYRENEES,MESLIN,AUVERGNE OCCITANIE PYRENEES MV Hors zones, ,GELLY,Rodez VI,3289,Rodez VI,OUVERT,MV , , ,BEZANILLA,STEPHANE,FRRCS3289@euromaster.com,05-65-78-74-71,06-70-61-78-89,05-16-39-30-01,ROUTE D ESPALION PARC ST MARC,12850,RODEZ LES 4 SAISONS,CHAMBAT Philippe,FRADIN BRUNO,KODAT Jessica
AUVERGNE OCCITANIE PYRENEES,MESLIN,AUVERGNE OCCITANIE PYRENEES MV Hors zones, ,GELLY,Saint Lizier,3312,Saint Lizier,OUVERT,MX, , ,Montpellier,SAVIN,MICKAEL,frrcs3312@euromaster.com,05-34-14-34-90,07-72-50-21-20,05-81-49-50-00,CHANTEREINE,09190,ST LIZIER,CHAMBAT Philippe,FRADIN BRUNO,KODAT Jessica
AUVERGNE OCCITANIE PYRENEES,MESLIN,AUVERGNE OCCITANIE PYRENEES VL, (RAVL), ,Bourges VL,3045,Bourges VL,OUVERT,VL, , ,Clermont,RODRIGUES BORGES FERNANDES,JOAQUIM,frrcs3045@euromaster.com,02-48-27-51-60,06-72-29-65-21,02-56-05-91-00,ROUTE DE LA CHARITE Z.I.,18390,ST-GERMAIN DU PUY,CHAMBAT Philippe,FRADIN BRUNO,KODAT Jessica
AUVERGNE OCCITANIE PYRENEES,MESLIN,AUVERGNE OCCITANIE PYRENEES VL, (RAVL), ,Clermont Aubière VL,3076,Clermont Aubière VL,OUVERT,VL, , ,Clermont,RIX,PIERRE-OLIVIER,frrcs3076@euromaster.com,04-73-26-03-04,06-17-18-61-09,04-65-95-93-80,"49, AVENUE LAVOISIER ZAC DES VARENNES",63170,AUBIERE,CHAMBAT Philippe,FRADIN BRUNO,KODAT Jessica
AUVERGNE OCCITANIE PYRENEES,MESLIN,AUVERGNE OCCITANIE PYRENEES VL, (RAVL), ,Clermont Clementel VL,3077,Clermont Clementel VL,OUVERT,VL,1, ,Clermont,AMIN,JEROME,frrcs3077@euromaster.com,04-73-16-12-20, ,04-15-39-42-00,"238, BLD ETIENNE CLEMENTEL",63100,CLERMONT FERRAND,CHAMBAT Philippe,FRADIN BRUNO,KODAT Jessica
AUVERGNE OCCITANIE PYRENEES,MESLIN,AUVERGNE OCCITANIE PYRENEES VL, (RAVL), ,Clermont Kepler VL,3078,Clermont Kepler VL,OUVERT,VL, , ,Clermont,GAULIN,PIERRE,FRRCS3078@euromaster.com,04-73-14-55-40,06-42-38-83-15,04-15-39-41-10,2 RUE KEPLER,63000,CLERMONT FERRAND,CHAMBAT Philippe,FRADIN BRUNO,KODAT Jessica
AUVERGNE OCCITANIE PYRENEES,MESLIN,AUVERGNE OCCITANIE PYRENEES VL, (RAVL), ,Clermont Rosier VL,3080,Clermont Rosier VL,OUVERT,VL, , ,Clermont,GAULIN,PIERRE,pierre.gaulin@euromaster.com,04-63-30-10-30,06-42-38-83-15,04-12-20-70-20,53  BD JEAN BAPTISTE DUMAS,63100,CLERMONT FERRAND,CHAMBAT Philippe,FRADIN BRUNO,KODAT Jessica
AUVERGNE OCCITANIE PYRENEES,MESLIN,AUVERGNE OCCITANIE PYRENEES VL, (RAVL), ,Foix,3151,Foix,OUVERT,VL, , ,Montpellier,DARTIGUELONGUE,MARC,frrcs3151@euromaster.com,05-34-09-34-80,06-33-44-24-08,05-81-49-51-00,"33, AVENUE DU MARECHAL LECLERC",09000,FOIX,CHAMBAT Philippe,FRADIN BRUNO,KODAT Jessica
AUVERGNE OCCITANIE PYRENEES,MESLIN,AUVERGNE OCCITANIE PYRENEES VL, (RAVL), ,Narbonne VL,3249,Narbonne VL,OUVERT,VL, , , , , ,FRRCS3249@euromaster.com,04-68-42-54-90, ,04-65-95-94-50,RUE DU REC DE VEYRET,11100,NARBONNE,CHAMBAT Philippe,FRADIN BRUNO,KODAT Jessica
AUVERGNE OCCITANIE PYRENEES,MESLIN,AUVERGNE OCCITANIE PYRENEES VL, (RAVL), ,Perpignan Dalbiez VL,3263,Perpignan Dalbiez VL,OUVERT,VL,2, ,Montpellier,GENRE,VINCENT,frrcs3263@euromaster.com,04-68-54-57-78,06-08-62-20-96,04-12-20-70-00,"33, AVENUE VICTOR DALBIEZ",66000,PERPIGNAN,CHAMBAT Philippe,FRADIN BRUNO,KODAT Jessica
AUVERGNE OCCITANIE PYRENEES,MESLIN,AUVERGNE OCCITANIE PYRENEES VL, (RAVL), ,Perpignan VL,3265,Perpignan VL,OUVERT,VL, , ,Montpellier,GENRE,VINCENT,FRRCS3265@euromaster.com,04-68-54-30-11,06-08-62-20-96,02-76-52-75-03,Z.I. ST CHARLES AVENUE DE SAINT CHARLES,66000,PERPIGNAN,CHAMBAT Philippe,FRADIN BRUNO,KODAT Jessica
AUVERGNE OCCITANIE PYRENEES,MESLIN,AUVERGNE OCCITANIE PYRENEES VL, (RAVL), ,Rodez VL,3290,Rodez VL,OUVERT,VL, , ,Montpellier,BEZANILLA,STEPHANE,FRRCS3290@euromaster.com,05-65-67-16-11,06-70-61-78-89,05-16-39-30-00,PARC SAINT-MARC ROUTE D ESPALION,12850,RODEZ LES 4 SAISONS,CHAMBAT Philippe,FRADIN BRUNO,KODAT Jessica
AUVERGNE OCCITANIE PYRENEES,MESLIN,ZONE MV AURILLAC,PRADAYROL (RZ),GELLY,Aurillac,3024,Aurillac,OUVERT,VL,1, ,Clermont,NURY,FAUSTINE,frrcs3024@euromaster.com,04-71-63-90-04,06-73-40-14-31,VL: 04-43-04-70-00 / VI: 04-43-04-70-05,96 AVENUE CONTHE,15000,AURILLAC,CHAMBAT Philippe,FRADIN BRUNO,KODAT Jessica
AUVERGNE OCCITANIE PYRENEES,MESLIN,ZONE MV AURILLAC,PRADAYROL (RZ),GELLY,Aurillac Lacoste VI,3433,Aurillac Lacoste VI,OUVERT,MV ,Clermont, ,PRADAYROL,DAVID,FRRCS3433@euromaster.com,04-71-48-14-11,06-71-02-59-29,04-51-23-10-30,ZI de Baradel 4 Rue Gabriel Lacoste,15100,AURILLAC,CHAMBAT Philippe,FRADIN BRUNO,KODAT Jessica
AUVERGNE OCCITANIE PYRENEES,MESLIN,ZONE MV AURILLAC,PRADAYROL (RZ),GELLY,Mauriac,3435,Mauriac,OUVERT,MX, , ,Clermont,PRADAYROL,DAVID,FRRCS3435@euromaster.com,04-71-68-09-81,06-71-02-59-29,04-51-23-10-20,Rue du 19 Mars 1962,15200,MAURIAC,CHAMBAT Philippe,FRADIN BRUNO,KODAT Jessica
AUVERGNE OCCITANIE PYRENEES,MESLIN,ZONE MV AURILLAC,PRADAYROL (RZ),GELLY,Saint Flour,3432,Saint Flour,OUVERT,MX, ,Clermont,Clermont,PRADAYROL,DAVID,FRRCS3432@euromaster.com,04-71-60-13-11,06-71-02-59-29,04-51-23-10-40,Zone d'activite de Volzac,15100,SAINT FLOUR,CHAMBAT Philippe,FRADIN BRUNO,KODAT Jessica
AUVERGNE OCCITANIE PYRENEES,MESLIN,ZONE MV BEZIERS,ARCOUTEL (RZ),GELLY,Beziers,3037,Beziers,OUVERT,MX, , ,Montpellier,ARCOUTEL,OLIVIER,FRRCS3037@euromaster.com,04-67-35-86-00,06-85-80-54-59,VL: 04-49-06-52-00 / VI: 04-49-06-52-01,AVENUE DE LA DEVEZE Z.I. DU CAPISCOLE,34500,BEZIERS,CHAMBAT Philippe,FRADIN BRUNO,KODAT Jessica
AUVERGNE OCCITANIE PYRENEES,MESLIN,ZONE MV BEZIERS,ARCOUTEL (RZ),GELLY,Narbonne VI,3248,Narbonne VI,OUVERT,MV , , ,CUERVO,DIDIER,frrcs3248@euromaster.com,04-68-42-59-80,06-82-59-40-35,04-12-20-70-70,"5, RUE MARIUS BERLIET Z.I. CROIX SUD",11100,NARBONNE,CHAMBAT Philippe,FRADIN BRUNO,KODAT Jessica
AUVERGNE OCCITANIE PYRENEES,MESLIN,ZONE MV BEZIERS,ARCOUTEL (RZ),GELLY,Perpignan Saint Charles VI,3264,Perpignan Saint Charles VI,OUVERT,MV ,Montpellier, ,ROUHAUD,YOANN,frrcs3264@euromaster.com,04-68-68-38-80,06-80-67-24-82,03-58-93-62-63,RUE DE MUNICH Z.I. ST CHARLES,66000,PERPIGNAN,CHAMBAT Philippe,FRADIN BRUNO,KODAT Jessica
AUVERGNE OCCITANIE PYRENEES,MESLIN,ZONE MV CLERMONT FERRAND,CHAPEL (RZ),GELLY,Clermont Lumière VI,3079,Clermont Lumière VI,OUVERT,MV ,Clermont, ,CHAPEL,ARNAUD,FRRCS3079@euromaster.com,04-73-14-60-10,06-75-43-29-94,03-69-76-02-22,14 RUE DES FRERES LUMIERE Z.I. DU BREZET,63100,CLERMONT FERRAND,CHAMBAT Philippe,FRADIN BRUNO,KODAT Jessica
AUVERGNE OCCITANIE PYRENEES,MESLIN,ZONE MV CLERMONT FERRAND,CHAPEL (RZ),GELLY,Thiers,3339,Thiers,OUVERT,MX, ,Clermont,Clermont,DI LORETO,FRANCK,frrcs3339@euromaster.com,04-73-80-15-97,06-37-20-40-44,VL: 02-90-74-61-06 / VI: 02-90-74-61-05,AVENUE LEO LAGRANGE Z.I. LES MOLLES,63300,THIERS,CHAMBAT Philippe,FRADIN BRUNO,KODAT Jessica
AUVERGNE OCCITANIE PYRENEES,MESLIN,ZONE MV PAMIERS,BROSSARD (RZ),GELLY,Carcassonne,3057,Carcassonne,OUVERT,MX, , ,Montpellier,CORTES,FRANCOIS,frrcs3057@euromaster.com,04-68-11-47-60,07-85-84-42-12,VL: 04-65-95-93-41 / VI: 04-65-95-93-40,Z.I. DE LA BOURIETTE,11000,CARCASSONNE,CHAMBAT Philippe,FRADIN BRUNO,KODAT Jessica
AUVERGNE OCCITANIE PYRENEES,MESLIN,ZONE MV PAMIERS,BROSSARD (RZ),GELLY,Castelnaudary,3060,Castelnaudary,OUVERT,MX, , ,Montpellier,EVIN,GAETAN,frrcs3060@euromaster.com,04-68-23-11-44,06-74-68-63-37,VL: 04-12-20-71-41 / VI: 04-12-20-71-40,"98, AV. MONSEIGNEUR DELANGLE RTE DE CARCASSONNE",11400,CASTELNAUDARY,CHAMBAT Philippe,FRADIN BRUNO,KODAT Jessica
AUVERGNE OCCITANIE PYRENEES,MESLIN,ZONE MV PAMIERS,BROSSARD (RZ),GELLY,Castelnaudary Sabatier,3441,Castelnaudary Sabatier,OUVERT,MX, , , ,BROSSARD,ERIC,FRRCS3441@euromaster.com,04-68-60-32-75,06-08-90-85-18,04-65-95-94-05,295 RUE PAUL SABATIER ZI,11400,CASTELNAUDARY,CHAMBAT Philippe,FRADIN BRUNO,KODAT Jessica
AUVERGNE OCCITANIE PYRENEES,MESLIN,ZONE MV PAMIERS,BROSSARD (RZ),GELLY,Pamiers,3260,Pamiers,OUVERT,MX, , , ,BROSSARD,ERIC,FRRCS3260@euromaster.com,05-34-01-37-10,06-08-90-85-18,VL: 05-87-43-70-31 / VI: 05-87-43-70-36,"43, AVENUE DE LA RIJOLE Z.I.",09100,PAMIERS,CHAMBAT Philippe,FRADIN BRUNO,KODAT Jessica
AUVERGNE OCCITANIE PYRENEES,MESLIN,ZONE MV TOULON SUR ALLIER,PERROT (RZ), ,Moulins Sud VL,3242,Moulins Sud VL,OUVERT,VL, , ,Clermont,PERROT,MATHIEU,FRRCS3242@euromaster.com,04-70-46-31-42,06-76-73-71-10,04-65-95-94-60,"103, ROUTE DE LYON",03000,MOULINS,CHAMBAT Philippe,FRADIN BRUNO,KODAT Jessica
AUVERGNE OCCITANIE PYRENEES,MESLIN,ZONE MV TOULON SUR ALLIER,PERROT (RZ),GELLY,Montluçon,3236,Montluçon,OUVERT,MX,1,Clermont,Clermont,CONSTANTIN,GAEL,frrcs3236@euromaster.com,04-70-08-43-30,06-31-67-22-18,VL: 03-69-13-94-06 / VI: 03-69-13-94-05,"1, RUE DE BLANZAT",03100,MONTLUCON,CHAMBAT Philippe,FRADIN BRUNO,KODAT Jessica
AUVERGNE OCCITANIE PYRENEES,MESLIN,ZONE MV TOULON SUR ALLIER,PERROT (RZ),GELLY,Moulins Avermes VI + base av.,3241,Moulins Avermes VI,OUVERT,MV , , ,PERROT,MATHIEU,FRRCS3241@euromaster.com,04-70-46-90-81,06-76-73-71-10,04-22-80-71-00,PARC D ACTIVITE LOGISTIQUE SUD ZAC DES GRIS,03400,TOULON SUR ALLIER,CHAMBAT Philippe,FRADIN BRUNO,KODAT Jessica
AUVERGNE OCCITANIE PYRENEES,MESLIN,ZONE MV TOULON SUR ALLIER,PERROT (RZ),GELLY,Moulins Avermes VI + base av.,3397,Base av. Vichy-Creuzier le neuf,OUVERT,BASE AV, , , ,PERROT,MATHIEU,FRRCS3241@euromaster.com,04-70-46-90-81,06-76-73-71-10, ,ZA des Ancises 2,03300,CREUZIER LE NEUF,CHAMBAT Philippe, , 
AUVERGNE OCCITANIE PYRENEES,MESLIN,ZONE MV TOULON SUR ALLIER,PERROT (RZ),GELLY,Nevers,3252,Nevers,OUVERT,MX, ,Clermont,Clermont,FELZINES,BARBARA,frrcs3252@euromaster.com,03-86-93-09-40,06-48-03-66-02,VL: 03-45-52-80-01 / VI: 03-45-52-80-00,"3, RUE DU PETIT MOUESSE",58000,NEVERS,CHAMBAT Philippe,FRADIN BRUNO,KODAT Jessica
BOURGOGNE FR-CTE ALS-LORR.,HILPERT,BOURGOGNE FR-CTE ALS-LORR. MV Hors zones, ,BORD,Auxerre,3025,Auxerre,OUVERT,MX, , ,Dijon,DE BO,LUDOVIC,FRRCS3025@euromaster.com,03-86-18-00-40,06-08-62-43-47,VL: 03-58-93-61-51 / VI: 03-58-93-61-50,"14, ALLEE DES FRERES LUMIERE",89000,AUXERRE,PINEL Marie,MEZINO Julien,MARTHERESSE ADELINE
BOURGOGNE FR-CTE ALS-LORR.,HILPERT,BOURGOGNE FR-CTE ALS-LORR. MV Hors zones, ,BORD,Golbey,3159,Golbey,OUVERT,MV , , ,LACHKAR,JAOUADE,frrcs3159@euromaster.com,03-29-81-11-20,07-85-65-36-68,04-65-95-93-16,68 RUE LORRAINE LA COTE OLIE RN57,88190,GOLBEY,PINEL Marie,MEZINO Julien,MARTHERESSE ADELINE
BOURGOGNE FR-CTE ALS-LORR.,HILPERT,BOURGOGNE FR-CTE ALS-LORR. MV Hors zones, ,BORD,Romilly,3292,Romilly,OUVERT,MX, ,Dijon,Dijon,MIGNATON,FRANCK,FRRCS3292@euromaster.com,03-25-21-04-44,06-64-14-72-44,VL: 02-49-03-71-10 / VI: 02-49-03-71-10,R19 CARREF DIDEROT,10100,ROMILLY SUR SEINE,PINEL Marie,MEZINO Julien,MARTHERESSE ADELINE
BOURGOGNE FR-CTE ALS-LORR.,HILPERT,BOURGOGNE FR-CTE ALS-LORR. MV Hors zones, ,BORD,Saint Dié,3302,Saint Dié,OUVERT,MX, , ,Dijon,KUBIAK,YANNICK,frrcs3302@euromaster.com,03-29-53-14-14,06-59-16-41-57,VL: 03-58-93-61-81 / VI: 03-58-93-61-80,38 ROUTE DE RAON L ETAPE,88100,ST DIE DES VOSGES,PINEL Marie,MEZINO Julien,MARTHERESSE ADELINE
BOURGOGNE FR-CTE ALS-LORR.,HILPERT,BOURGOGNE FR-CTE ALS-LORR. MV Hors zones, ,BORD,Saint Germain,3308,Saint Germain,OUVERT,MX, ,Dijon,Dijon,MIGNATON,FRANCK,frrcs3308@euromaster.com,03-25-75-88-40,06-64-14-72-44,VL: 03-58-93-62-01 / VI: 03-58-93-62-00,ROUTE D AUXERRE R.N. 77,10120,SAINT GERMAIN,PINEL Marie,MEZINO Julien,MARTHERESSE ADELINE
BOURGOGNE FR-CTE ALS-LORR.,HILPERT,BOURGOGNE FR-CTE ALS-LORR. MV Hors zones, ,BORD,Saint Nabord,3318,Saint Nabord,OUVERT,MX, , ,Dijon,LACHKAR,JAOUADE,FRRCS3318@euromaster.com,03-29-62-23-13,07-85-65-36-68,VL: 03-56-12-93-01 / VI: 03-56-12-93-00,24 RANFAING ECHANGEUR MOULIN,88200,ST NABORD,PINEL Marie,MEZINO Julien,MARTHERESSE ADELINE
BOURGOGNE FR-CTE ALS-LORR.,HILPERT,BOURGOGNE FR-CTE ALS-LORR. MV Hors zones, ,BORD,Sens,3330,Sens VL,OUVERT,MX, , ,Dijon,DE BO,LUDOVIC,frrcs3330@euromaster.com,03-86-83-87-30,06-08-62-43-47,VL: 03-58-93-62-90 / VI: 03-58-93-62-91,"105, RUE DU GENERAL DE GAULLE",89100,SENS,PINEL Marie,MEZINO Julien,MARTHERESSE ADELINE
BOURGOGNE FR-CTE ALS-LORR.,HILPERT,BOURGOGNE FR-CTE ALS-LORR. VL, (RAVL), ,Avallon Auchan,3026,Avallon Auchan,OUVERT,VL, , ,Dijon,DE BO,LUDOVIC,FRRCS3026@euromaster.com,03-86-34-56-64,06-08-62-43-47,03-45-75-60-00,AVENUE DU GENERAL LECLERC CENTRE COMMERCIAL AUCHAN,89200,AVALLON,PINEL Marie,MEZINO Julien,MARTHERESSE ADELINE
BOURGOGNE FR-CTE ALS-LORR.,HILPERT,BOURGOGNE FR-CTE ALS-LORR. VL, (RAVL), ,Dijon Chenove VL,3100,Dijon Chenove VL,OUVERT,VL,1, ,Dijon,SARTOR,CAROLINE,frrcs3100@euromaster.com,03-80-52-54-70,06-72-32-40-46,03-45-21-68-00,"11,  RUE A. BECQUEREL",21300,CHENOVE,PINEL Marie,MEZINO Julien,MARTHERESSE ADELINE
BOURGOGNE FR-CTE ALS-LORR.,HILPERT,BOURGOGNE FR-CTE ALS-LORR. VL, (RAVL), ,Ludres VL,3204,Ludres VL,OUVERT,VL,1, ,Dijon,FORMEAUX,PHILIPPE,frrcs3204@euromaster.com,03-83-50-19-19,06-08-70-84-05,03-72-91-93-00,145 RUE PASTEUR,54710,LUDRES,PINEL Marie,MEZINO Julien,MARTHERESSE ADELINE
BOURGOGNE FR-CTE ALS-LORR.,HILPERT,BOURGOGNE FR-CTE ALS-LORR. VL, (RAVL), ,Metz les Aravis VL,3225,Metz les Aravis VL,OUVERT,VL,1, ,Dijon,GIRI,LAURENT,frrcs3225@euromaster.com,03-87-65-00-56,06-73-63-66-10,04-56-24-95-01,6 ALLEE DES TILLEULS PARC LES ARAVIS,57130,JOUY AUX ARCHES,PINEL Marie,MEZINO Julien,MARTHERESSE ADELINE
BOURGOGNE FR-CTE ALS-LORR.,HILPERT,ZONE MV COLMAR,MARTIN (RZ), ,Audincourt,3023,Audincourt,OUVERT,MX, , ,Dijon,HUMBERT,WILLY,frrcs3023@euromaster.com,03-81-35-02-28, ,03-69-13-91-60,RUE DE LA JALESIE BP 83108,25403,AUDINCOURT,PINEL Marie,MEZINO Julien,MARTHERESSE ADELINE
BOURGOGNE FR-CTE ALS-LORR.,HILPERT,ZONE MV COLMAR,MARTIN (RZ), ,Colmar,3084,Colmar,OUVERT,MX, , ,Dijon,MARTIN,LUDOVIC,FRRCS3084@euromaster.com,03-89-41-17-14,07-72-35-32-10,VL: 01-75-87-30-04 / VI: 01-75-87-30-03,"64, RUE DES PAPETERIES",68000,COLMAR,PINEL Marie,MEZINO Julien,MARTHERESSE ADELINE
BOURGOGNE FR-CTE ALS-LORR.,HILPERT,ZONE MV COLMAR,MARTIN (RZ),BORD,Haguenau VI,3164,Haguenau VI,OUVERT,MV ,Dijon, ,GLENTZLIN,MAXIME,frrcs3164@euromaster.com,03-88-73-30-79,07-88-27-32-28,03-58-93-62-30,15 ROUTE DE BITCHE,67500,HAGUENAU,PINEL Marie,MEZINO Julien,MARTHERESSE ADELINE
BOURGOGNE FR-CTE ALS-LORR.,HILPERT,ZONE MV COLMAR,MARTIN (RZ),BORD,Illzach VI,3166,Illzach VI,OUVERT,MV , , ,WALSER,PHILIPPE,frrcs3166@euromaster.com,03-89-31-12-61,06-70-88-91-30,03-69-13-92-20,RUE D ANNECY,68110,ILLZACH,PINEL Marie,MEZINO Julien,MARTHERESSE ADELINE
BOURGOGNE FR-CTE ALS-LORR.,HILPERT,ZONE MV COLMAR,MARTIN (RZ),BORD,Strasbourg Port du Rhin VI,3336,Strasbourg Port du Rhin VI,OUVERT,MV ,Dijon, ,BARDIN,THIERRY,frrcs3336@euromaster.com,03-88-39-39-09,06-87-70-09-67,03-59-71-50-20,"3, RUE DE BAYONNE ZONE EUROFRET",67100,STRASBOURG,PINEL Marie,MEZINO Julien,MARTHERESSE ADELINE
BOURGOGNE FR-CTE ALS-LORR.,HILPERT,ZONE MV DIJON,GERBER (RZ),BORD,Besançon,3036,Besançon,OUVERT,MX, ,Dijon,Dijon,TORCHEUX-COURDIN,PIERRE,frrcs3036@euromaster.com,03-81-53-06-96,06-47-84-47-55,VL: 03-69-13-92-00 / VI: 03-69-13-92-00,"22 BIS, RUE AUGUSTE JOUCHOUX",25000,BESANCON,PINEL Marie,MEZINO Julien,MARTHERESSE ADELINE
BOURGOGNE FR-CTE ALS-LORR.,HILPERT,ZONE MV DIJON,GERBER (RZ),BORD,Chalon sur Saône,3066,Chalon sur Saône,OUVERT,MX, ,Dijon,Dijon,GRANELLA,JOSEPH,frrcs3066@euromaster.com,03-85-46-89-70,06-72-83-94-21,VL: 03-69-13-92-31 / VI: 03-69-13-92-30,11 RUE PIERRE DE COUBERTIN Z.I. NORD,71100,CHALON S SAONE,PINEL Marie,MEZINO Julien,MARTHERESSE ADELINE
BOURGOGNE FR-CTE ALS-LORR.,HILPERT,ZONE MV DIJON,GERBER (RZ),BORD,Dijon Saint Apollinaire + base av.,3102,Dijon Saint Apollinaire,OUVERT,MX, ,Dijon,Dijon,GERBER,PIERRE ERIC,FRRCS3102@euromaster.com,03-80-28-85-20,06-70-04-14-29,VL: 03-58-93-61-30 / VI: 03-58-93-61-31,RUE DE LA GOULETTE ZAC DU BOIS GUILLAUME,21850,ST APOLLINAIRE,PINEL Marie,MEZINO Julien,MARTHERESSE ADELINE
BOURGOGNE FR-CTE ALS-LORR.,HILPERT,ZONE MV DIJON,GERBER (RZ),BORD,Dijon Saint Apollinaire + base av.,3383,Base av. Langres,OUVERT,BASE AV, , , ,GERBER,PIERRE ERIC,FRRCS3102@euromaster.com,03-80-28-85-30,06-70-04-14-29, ,5 RUE JEAN MOULIN,52260,ROLAMPONT,PINEL Marie, , 
BOURGOGNE FR-CTE ALS-LORR.,HILPERT,ZONE MV DIJON,GERBER (RZ),BORD,Vesoul,3360,Vesoul,OUVERT,MX, ,Dijon,Dijon,TORCHEUX-COURDIN,PIERRE,FRRCS3360@euromaster.com,03-84-75-34-32,06-47-84-47-55,03-59-71-50-11,"22, BLD CHARLES DE GAULLE",70000,VESOUL,PINEL Marie,MEZINO Julien,MARTHERESSE ADELINE
BOURGOGNE FR-CTE ALS-LORR.,HILPERT,ZONE MV LUDRES,ZAWACKI (RZ), ,Cosnes et Romain,3093,Cosnes et Romain,OUVERT,MX, ,Dijon,Dijon,BROCARD,ARNAUD,frrcs3093@euromaster.com,03-82-23-94-77,06-48-35-87-74,VL: 03-54-14-10-01 / VI: 03-54-14-10-00,COSNES ET ROMAIN Z.I. DES 4 CHEMINS,54400,LONGWY,PINEL Marie,MEZINO Julien,MARTHERESSE ADELINE
BOURGOGNE FR-CTE ALS-LORR.,HILPERT,ZONE MV LUDRES,ZAWACKI (RZ),BORD,Argancy + base av.,3018,Argancy,OUVERT,MV ,Dijon, ,FORET,ARNAUD,frrcs3018@euromaster.com,03-87-73-55-40,06-86-15-45-89,03-69-13-92-10,RUE BLERIOT ZI D ENNERY,57640,ARGANCY,PINEL Marie,MEZINO Julien,MARTHERESSE ADELINE
BOURGOGNE FR-CTE ALS-LORR.,HILPERT,ZONE MV LUDRES,ZAWACKI (RZ),BORD,Argancy + base av.,3395,Base av. Saint Avold,OUVERT,BASE AV, , , ,FORET,ARNAUD,frrcs3018@euromaster.com, ,06-86-15-45-89, ,ZONE DE L'EUROPORT,57500,SAINT AVOLD,PINEL Marie, , 
BOURGOGNE FR-CTE ALS-LORR.,HILPERT,ZONE MV LUDRES,ZAWACKI (RZ),BORD,Ludres VI,3203,Ludres VI,OUVERT,MV ,Dijon, ,ZAWACKI,GREGORY,FRRCS3203@euromaster.com,03-83-57-33-15,06-87-70-09-62,03-58-93-61-00,422 RUE PIERRE ET MARIE CURIE,54710,LUDRES,PINEL Marie,MEZINO Julien,MARTHERESSE ADELINE
BOURGOGNE FR-CTE ALS-LORR.,HILPERT,ZONE MV LUDRES,ZAWACKI (RZ),BORD,Sarrebourg + base av.,3329,Sarrebourg,OUVERT,MX, ,Dijon,Dijon,KLIEBER,BENJAMIN,frrcs3329@euromaster.com,03-87-25-71-43,06-71-09-04-12,03-58-93-62-70,"5, RUE DU DOCTEUR SCHWEITZER",57400,SARREBOURG,PINEL Marie,MEZINO Julien,MARTHERESSE ADELINE
BOURGOGNE FR-CTE ALS-LORR.,HILPERT,ZONE VL MULHOUSE,AFETTAH (RZ), ,Belfort,3035,Belfort,OUVERT,VL, , ,Dijon,AFETTAH,KHALID,FRRCS3035@euromaster.com,03-84-22-48-91,06-07-24-17-66,03-63-78-30-00,AV. DE LA LAURENCIE,90000,BELFORT,PINEL Marie,MEZINO Julien,MARTHERESSE ADELINE
BOURGOGNE FR-CTE ALS-LORR.,HILPERT,ZONE VL MULHOUSE,AFETTAH (RZ), ,Illzach VL,3167,Illzach VL,OUVERT,VL,1, ,Dijon,MARCHAL,QUENTIN,frrcs3167@euromaster.com,03-89-61-82-81,06-42-44-55-73,03-69-76-02-20,"11-15, RUE DE LONDRES AVENUE DE FRIBOURG",68110,ILLZACH,PINEL Marie,MEZINO Julien,MARTHERESSE ADELINE
BOURGOGNE FR-CTE ALS-LORR.,HILPERT,ZONE VL MULHOUSE,AFETTAH (RZ), ,Mulhouse Dornach,3244,Mulhouse Dornach,OUVERT,VL, , ,Dijon,AFETTAH,KHALID,FRRCS3244@euromaster.com,03-89-33-17-38,06-07-24-17-66,03-69-13-91-80,2 RUE ANTOINE HERZOG,68200,MULHOUSE,PINEL Marie,MEZINO Julien,MARTHERESSE ADELINE
BOURGOGNE FR-CTE ALS-LORR.,HILPERT,ZONE VL STRASBOURG,LORENTZ (RZ), ,Haguenau rte de Strasbourg VL,3163,Haguenau rte de Strasbourg VL,OUVERT,VL, , ,Dijon,YERLI,RAMAZAN,frrcs3163@euromaster.com,03-88-93-00-51, ,03-69-13-94-00,"105, ROUTE DE STRASBOURG",67500,HAGUENAU,PINEL Marie,MEZINO Julien,MARTHERESSE ADELINE
BOURGOGNE FR-CTE ALS-LORR.,HILPERT,ZONE VL STRASBOURG,LORENTZ (RZ), ,Mutzig,3245,Mutzig,OUVERT,VL,3, ,Dijon,SCHILLINGER,PIERRE,frrcs3245@euromaster.com,03-88-38-06-53,06-08-92-29-94,03-69-13-91-90,ESPACE ATRIUM,67190,MUTZIG,PINEL Marie,MEZINO Julien,MARTHERESSE ADELINE
BOURGOGNE FR-CTE ALS-LORR.,HILPERT,ZONE VL STRASBOURG,LORENTZ (RZ), ,Strasbourg Meinau,3335,Strasbourg Meinau VL,OUVERT,VL, , ,Dijon,LORENTZ,YANN,FRRCS3335@euromaster.com,03-88-65-70-42, ,03-69-13-91-00,276 AV DE COLMAR,67100,STRASBOURG,PINEL Marie,MEZINO Julien,MARTHERESSE ADELINE
BRETAGNE NORMANDIE,DES-MINIERES,BRETAGNE NORMANDIE MV Hors zones, ,DELAYEN,Caen Sud,3052,Caen Sud,OUVERT,MV ,Grentheville, ,MOREL,CHRISTELLE,frrcs3052@euromaster.com,02-31-82-89-70,06-71-59-16-87,02-50-22-32-00,Z.I. MONDEVILLE SUD,14540,GRENTHEVILLE,ROCHETTE Michel,METAYER Soizic,SCEMAMA Julien
BRETAGNE NORMANDIE,DES-MINIERES,BRETAGNE NORMANDIE MV Hors zones, ,DELAYEN,Clisson,3081,Clisson,OUVERT,MX, ,Cesson,Cesson,PEIGNE,FABRICE,frrcs3081@euromaster.com,02-40-36-12-82,06-80-38-91-86,VL: 02-49-03-70-81 / VI: 02-49-03-70-80,GETIGNE Z.A.,44190,CLISSON,ROCHETTE Michel,METAYER Soizic,SCEMAMA Julien
BRETAGNE NORMANDIE,DES-MINIERES,BRETAGNE NORMANDIE MV Hors zones, ,DELAYEN,Fougères,3154,Fougères,OUVERT,MX, ,Cesson,Cesson,RENAULT,FREDERIC,frrcs3154@euromaster.com,02-99-17-01-70,06-88-16-92-36,01-71-41-51-01,BOULEVARD  GROSLAY,35300,FOUGERES,ROCHETTE Michel,METAYER Soizic,SCEMAMA Julien
BRETAGNE NORMANDIE,DES-MINIERES,BRETAGNE NORMANDIE MV Hors zones, ,DELAYEN,Gonfreville,3160,Gonfreville,OUVERT,MV ,Grentheville, ,LANGANAY,SANDRA,frrcs3160@euromaster.com,02-35-53-36-74,06-72-95-81-13,04-56-60-50-38,ROUTE INDUSTRIELLE Z.I. PORTUAIRE N 4429,76700,GONFREVILLE L ORCHER,ROCHETTE Michel,METAYER Soizic,SCEMAMA Julien
BRETAGNE NORMANDIE,DES-MINIERES,BRETAGNE NORMANDIE MV Hors zones, ,DELAYEN,Landerneau,3177,Landerneau,OUVERT,MX,1, ,Cesson,KERRIEN,YANN,frrcs3177@euromaster.com,02-98-30-35-80,06-85-71-10-95,02-56-05-92-10,"27,  RUE HERVE DE GUEBRIANT",29800,LANDERNEAU,ROCHETTE Michel,METAYER Soizic,SCEMAMA Julien
BRETAGNE NORMANDIE,DES-MINIERES,BRETAGNE NORMANDIE MV Hors zones, ,DELAYEN,Lanester Caudan VI + Base av.,3178,Lanester Caudan VI,OUVERT,MV ,Cesson, ,HAMON,RICHARD,frrcs3178@euromaster.com,02-97-76-88-70,06-74-68-62-70,02-56-05-92-30,752 ROUTE DE CAUDAN ZAC DE KERGOUSSEL MORBIHAN,56850,CAUDAN,ROCHETTE Michel,METAYER Soizic,SCEMAMA Julien
BRETAGNE NORMANDIE,DES-MINIERES,BRETAGNE NORMANDIE MV Hors zones, ,DELAYEN,Les Herbiers + base av.,3189,Les Herbiers,OUVERT,MX, , ,Cesson, , ,FRRCS3189@euromaster.com,02-51-91-19-08, ,VL: 02-49-03-70-31 / VI: 02-49-03-70-30,11 RUE EDOUARD BRANLY ZONE ARTISANALE LA BUZENIERE,85500,LES HERBIERS,ROCHETTE Michel,METAYER Soizic,SCEMAMA Julien
BRETAGNE NORMANDIE,DES-MINIERES,BRETAGNE NORMANDIE MV Hors zones, ,DELAYEN,Les Herbiers + base av.,3277,Base av. Boissières des Landes,OUVERT,BASE AV, , , , , ,FRRCS3189@euromaster.com,02-51-91-19-08, , ,11 RUE EDOUARD BRANLY,85500,LES HERBIERS,ROCHETTE Michel, , 
BRETAGNE NORMANDIE,DES-MINIERES,BRETAGNE NORMANDIE MV Hors zones, ,DELAYEN,Saint Lô,3313,Saint Lô,OUVERT,MX,1,Grentheville,Cesson,DUCHEMIN,PASCAL,frrcs3313@euromaster.com,02-33-77-83-50,06-74-95-99-98,VL: 02-49-03-71-71 / VI: 02-49-03-71-70,"700, AVENUE DE PARIS",50000,ST LO,ROCHETTE Michel,METAYER Soizic,SCEMAMA Julien
BRETAGNE NORMANDIE,DES-MINIERES,BRETAGNE NORMANDIE MV Hors zones, ,DELAYEN,St Herblain VI + Carquefou VI + base av.,3058,Base av. Carquefou VI,OUVERT,BASE AV, ,Cesson, ,LIBERGE,STEPHANE,FRRCS3309@euromaster.com, ,06-30-26-19-92, , , , ,ROCHETTE Michel, , 
BRETAGNE NORMANDIE,DES-MINIERES,BRETAGNE NORMANDIE MV Hors zones, ,DELAYEN,St Herblain VI + Carquefou VI + base av.,3238,Base av. Montoir de Bretagne,OUVERT,BASE AV, ,Cesson, ,LIBERGE,STEPHANE,FRRCS3309@euromaster.com,02-40-92-00-25,06-30-26-19-92, ,TRANSPORT AVRIL -ZA DE CADREAN BOULEVARD DE CADREAN,44550,MONTOIR DE BRETAGNE,ROCHETTE Michel, , 
BRETAGNE NORMANDIE,DES-MINIERES,BRETAGNE NORMANDIE MV Hors zones, ,DELAYEN,St Herblain VI + Carquefou VI + base av.,3309,Saint Herblain VI,OUVERT,MV ,Cesson, ,LIBERGE,STEPHANE,FRRCS3309@euromaster.com,02-40-92-00-25,06-30-26-19-92,02-56-05-92-60,BOULEVARD SALVADOR ALLENDE ATLANTIS,44800,ST HERBLAIN,ROCHETTE Michel,METAYER Soizic,SCEMAMA Julien
BRETAGNE NORMANDIE,DES-MINIERES,BRETAGNE NORMANDIE MV Hors zones, ,DELAYEN,Vire,3365,Vire,OUVERT,MX, ,Grentheville,Cesson, , ,FRRCS3365@euromaster.com,02-31-68-56-57, ,VL: 02-49-03-71-60 / VI: 02-49-03-71-61,RUE GUY DEGRENNE,14501,VIRE,ROCHETTE Michel,METAYER Soizic,SCEMAMA Julien
BRETAGNE NORMANDIE,DES-MINIERES,BRETAGNE NORMANDIE MV Hors zones, ,DELAYEN,Vitré,3368,Vitré,OUVERT,MX, ,Cesson,Cesson,PERCOT,JEAN-PAUL,frrcs3368@euromaster.com,02-23-55-11-20,06-43-28-76-31,VL: 02-22-19-73-00 / VI: 02-22-19-73-01,32 AVENUE D HELMSTEDT,35500,VITRE,ROCHETTE Michel,METAYER Soizic,SCEMAMA Julien
BRETAGNE NORMANDIE,DES-MINIERES,BRETAGNE NORMANDIE VL,QUATRE SOLS (RAVL), ,Caen VL,3053,Caen VL,OUVERT,VL, , ,Cesson,VASSELIN,STEPHANE,frrcs3053@euromaster.com,02-31-73-43-18,06-79-00-05-88,02-49-03-70-60,"2, RUE DU CHEMIN VERT ANGLE BOULEVARD DUNOIS",14000,CAEN,ROCHETTE Michel,METAYER Soizic,SCEMAMA Julien
BRETAGNE NORMANDIE,DES-MINIERES,BRETAGNE NORMANDIE VL,QUATRE SOLS (RAVL), ,Carquefou VL,3059,Carquefou VL,OUVERT,VL,3, ,Cesson,TARDY-JOUBERT,ALEXIS,frrcs3059@euromaster.com,02-51-85-29-10,06-70-64-60-93,VL: 02-55-11-33-00 / VI: 04-56-60-50-78,"36, RUE DE GRANDE-BRETAGNE Z.I",44470,CARQUEFOU,ROCHETTE Michel,METAYER Soizic,SCEMAMA Julien
BRETAGNE NORMANDIE,DES-MINIERES,BRETAGNE NORMANDIE VL,QUATRE SOLS (RAVL), ,Cesson VL,3065,Cesson VL,OUVERT,VL,1, ,Cesson,BOIVANT,SYLVAINE,FRRCS3065@euromaster.com,02-99-53-77-77,06-31-84-59-80,01-71-41-51-05,RUE DES CHARMILLES Z.I. SUD EST CHANTEPIE,35510,CESSON SEVIGNE,ROCHETTE Michel,METAYER Soizic,SCEMAMA Julien
BRETAGNE NORMANDIE,DES-MINIERES,BRETAGNE NORMANDIE VL,QUATRE SOLS (RAVL), ,Lanester VL,3179,Lanester VL,OUVERT,VL, , ,Cesson,ALIX,ANGIE,frrcs3179@euromaster.com,02-97-76-12-03,06-02-09-36-86,02-90-74-61-00,"68, AVENUE AMBROISE CROIZAT",56600,LANESTER,ROCHETTE Michel,METAYER Soizic,SCEMAMA Julien
BRETAGNE NORMANDIE,DES-MINIERES,BRETAGNE NORMANDIE VL,QUATRE SOLS (RAVL), ,Le Havre VL,3184,Le Havre VL,OUVERT,VL, , ,Cesson,FORMENTIN,MAGALI,frrcs3184@euromaster.com,02-35-26-50-68,06-71-14-42-91,02-56-05-91-10,203 BOULEVARD DE GRAVILLE,76600,LE HAVRE,ROCHETTE Michel,METAYER Soizic,SCEMAMA Julien
BRETAGNE NORMANDIE,DES-MINIERES,BRETAGNE NORMANDIE VL,QUATRE SOLS (RAVL), ,Mondeville + rev,3228,Mondeville + rev,OUVERT,VL, , ,Cesson,VASSELIN,STEPHANE,FRRCS3228@euromaster.com,02-31-83-92-90,06-79-00-05-88,02-50-22-33-00,ZI CHARLES DE COULOMB,14120,MONDEVILLE,ROCHETTE Michel,METAYER Soizic,SCEMAMA Julien
BRETAGNE NORMANDIE,DES-MINIERES,BRETAGNE NORMANDIE VL,QUATRE SOLS (RAVL), ,Nantes Orvault VL,3247,Nantes Orvault VL,OUVERT,VL, , ,Cesson,TARDY-JOUBERT,ALEXIS,FRRCS3247@euromaster.com,02-51-77-82-30,06-70-64-60-93,02-49-03-70-90,"262, ROUTE DE VANNES",44700,ORVAULT,ROCHETTE Michel,METAYER Soizic,SCEMAMA Julien
BRETAGNE NORMANDIE,DES-MINIERES,BRETAGNE NORMANDIE VL,QUATRE SOLS (RAVL), ,Rennes Mail VL,3284,Rennes Mail VL,OUVERT,VL, , ,Cesson,BOIVANT,SYLVAINE,FRRCS3284@euromaster.com,02-99-59-35-29,06-31-84-59-80,02-56-05-92-40,"70, AV. DU MAIL F. MITTERAND",35000,RENNES,ROCHETTE Michel,METAYER Soizic,SCEMAMA Julien
BRETAGNE NORMANDIE,DES-MINIERES,BRETAGNE NORMANDIE VL,QUATRE SOLS (RAVL), ,Rennes Rte de Lorient VL,3286,Rennes Rte de Lorient VL,OUVERT,VL, , ,Cesson,BOIVANT,SYLVAINE,frrcs3286@euromaster.com,02-99-14-67-00,06-31-84-59-80,02-56-05-92-80,67 RUE DU MANOIR DE SERVIGNE ROUTE DE LORIEN,35132,VEZIN LE COQUET,ROCHETTE Michel,METAYER Soizic,SCEMAMA Julien
BRETAGNE NORMANDIE,DES-MINIERES,BRETAGNE NORMANDIE VL,QUATRE SOLS (RAVL), ,Saint Herblain VL,3310,Saint Herblain VL,OUVERT,VL, , ,Cesson,TARDY-JOUBERT,ALEXIS,FRRCS3310@euromaster.com,02-40-92-00-05,06-70-64-60-93,02-56-05-92-65,BOULEVARD SALVADOR ALLENDE ATLANTIS,44800,ST HERBLAIN,ROCHETTE Michel,METAYER Soizic,SCEMAMA Julien
BRETAGNE NORMANDIE,DES-MINIERES,ZONE MV PONTS DE CE,MIEZE (RZ), ,Angers VL,3012,Angers VL,OUVERT,VL, , ,Cesson,BLOUIN,SONNY,frrcs3012@euromaster.com,02-41-31-13-50,07-87-00-40-80,VL: 01-75-39-92-05 / VI: 01-75-39-92-05,"4, AVENUE BESNARDIERE",49100,ANGERS,ROCHETTE Michel,METAYER Soizic,SCEMAMA Julien
BRETAGNE NORMANDIE,DES-MINIERES,ZONE MV PONTS DE CE,MIEZE (RZ),DELAYEN,Les Ponts de Cé + base av.,3190,Les Ponts de Cé,OUVERT,MX, , ,Cesson,MIEZE,ERIC,FRRCS3190@euromaster.com,02-41-95-70-60,06-74-68-64-20,VL: 02-55-11-33-04 / VI: 02-55-11-33-03,AVENUE DU MOULIN MARCILLE,49130,LES PONTS DE CE,ROCHETTE Michel,METAYER Soizic,SCEMAMA Julien
BRETAGNE NORMANDIE,DES-MINIERES,ZONE MV PONTS DE CE,MIEZE (RZ),DELAYEN,Les Ponts de Cé + base av.,3396,Base av. Montjean sur Loire,OUVERT,BASE AV, , , ,MIEZE,ERIC,FRRCS3190@euromaster.com,02-41-18-12-93,06-74-68-64-20, ,26 ZA LES OUCHES MONTJEAN SUR LOIRE,49570,MAUGES SUR LOIRE,ROCHETTE Michel, , 
BRETAGNE NORMANDIE,DES-MINIERES,ZONE MV RENNES,DERVIN (RZ),DELAYEN,Redon + Base av.,3282,Redon VI,OUVERT,MX, ,Cesson,Cesson,DERVIN,THOMAS,FRRCS3282@euromaster.com,02-99-70-35-40,06-17-48-47-23,VL: 02-56-50-70-03 / VI: 02-56-50-70-00,ROUTE DE VANNES,35600,REDON,ROCHETTE Michel,METAYER Soizic,SCEMAMA Julien
BRETAGNE NORMANDIE,DES-MINIERES,ZONE MV RENNES,DERVIN (RZ),DELAYEN,Rennes VI + Cesson VI + Base av.,3064,Cesson VI,OUVERT,MV ,Cesson, ,DERVIN,THOMAS,FRRCS3285@euromaster.com,02-99-53-23-53,06-17-48-47-23,05-16-75-70-06,RUE DES CHARMILLES Z.I. SUD EST CHANTEPIE,35510,CESSON SEVIGNE,ROCHETTE Michel, , 
BRETAGNE NORMANDIE,DES-MINIERES,ZONE MV RENNES,DERVIN (RZ),DELAYEN,Rennes VI + Cesson VI + Base av.,3272,Base av. Pommeret,OUVERT,BASE AV, , , ,DERVIN,THOMAS,FRRCS3285@euromaster.com,02-99-14-57-59,06-17-48-47-23, ,21 RUE PAUL RICHET,22120,POMMERET,ROCHETTE Michel, , 
BRETAGNE NORMANDIE,DES-MINIERES,ZONE MV RENNES,DERVIN (RZ),DELAYEN,Rennes VI + Cesson VI + Base av.,3285,Rennes Rte de Lorient VI,OUVERT,MV ,Cesson, ,DERVIN,THOMAS,FRRCS3285@euromaster.com,02-99-14-57-59,06-17-48-47-23,02-56-05-92-81,67 RUE DU MANOIR DE SEVIGNE ROUTE DE LORIENT,35132,VEZIN LE COQUET,ROCHETTE Michel,METAYER Soizic,SCEMAMA Julien
BRETAGNE NORMANDIE,DES-MINIERES,ZONE MV RENNES,DERVIN (RZ),DELAYEN,Saint Malo,3314,Saint Malo,OUVERT,MX, ,Cesson,Cesson,DERVIN,THOMAS,FRRCS3314@euromaster.com,02-99-56-41-41,06-17-48-47-23,VL: 02-49-03-70-71 / VI: 02-49-03-70-70,18 AVENUE DU GENERAL FERIE,35400,ST-MALO,ROCHETTE Michel,METAYER Soizic,SCEMAMA Julien
BRETAGNE NORMANDIE,DES-MINIERES,ZONE MV ST BERTHEVIN,BUREL (RZ),DELAYEN,Mayenne,3223,Mayenne,OUVERT,MX, ,Cesson,Cesson,BUREL,THIERRY,FRRCS3223@euromaster.com,02-43-04-19-47,06-86-78-97-99,VL: 03-58-93-62-65 / VI: 03-58-93-62-67,RUE MARIE ANDRE AMPERE ZI DE LA PEYENNEIRE,53100,MAYENNE,ROCHETTE Michel,METAYER Soizic,SCEMAMA Julien
BRETAGNE NORMANDIE,DES-MINIERES,ZONE MV ST BERTHEVIN,BUREL (RZ),DELAYEN,Saint Berthevin,3300,Saint Berthevin,OUVERT,MX, ,Cesson,Cesson,BUREL,THIERRY,FRRCS3300@euromaster.com,02-43-91-45-50,06-86-78-97-99,VL: 04-65-95-93-55 / VI: 04-65-95-93-54,"10, BOULEVARD DES LOGES",53940,ST BERTHEVIN,ROCHETTE Michel,METAYER Soizic,SCEMAMA Julien
CENTRE LOIRE CHAR. LIM.,PICARD,CENTRE LOIRE CHAR. LIM. MV Hors zones, ,BABUT,Brive VI,3050,Brive VI,OUVERT,MV , , ,VAYNE,BRUNO,frrcs3050@euromaster.com,05-55-88-96-29,06-87-15-83-28,05-87-43-70-10,IMPASSE DE LA SARRETIE,19100,BRIVE,ROCHETTE Michel,FRADIN BRUNO,SIMOENS Amandine
CENTRE LOIRE CHAR. LIM.,PICARD,CENTRE LOIRE CHAR. LIM. MV Hors zones, ,BABUT,Gien,3158,Gien,OUVERT,VL, , ,Limoges,GUINAUDEAU,FLORENT,frrcs3158@euromaster.com,02-38-67-42-08,06-64-18-23-38,VL: 02-49-03-70-50 / VI: 02-49-03-70-50,RUE JULES CESAR,45500,GIEN,ROCHETTE Michel,FRADIN BRUNO,SIMOENS Amandine
CENTRE LOIRE CHAR. LIM.,PICARD,CENTRE LOIRE CHAR. LIM. MV Hors zones, ,BABUT,Le Blanc,3183,Le Blanc,OUVERT,MX, , ,Limoges,HEREAU,BENOIT,frrcs3183@euromaster.com,02-54-37-00-39,06-70-13-71-53,VL: 02-49-03-70-20 / VI: 02-49-03-70-20,7 AVENUE PIERRE MENDESÂ FRANCE,36300,LE BLANC,ROCHETTE Michel,FRADIN BRUNO,SIMOENS Amandine
CENTRE LOIRE CHAR. LIM.,PICARD,CENTRE LOIRE CHAR. LIM. MV Hors zones, ,BABUT,Limoges,3198,Limoges,OUVERT,MX, ,Limoges,Limoges,DEBORD,DAVID,FRRCS3198@euromaster.com,05-55-36-19-27,06-74-69-19-27,04-49-06-52-06,51 RUE CLAUDE. HENRI GORCEIX,87280,LIMOGES,ROCHETTE Michel,FRADIN BRUNO,SIMOENS Amandine
CENTRE LOIRE CHAR. LIM.,PICARD,CENTRE LOIRE CHAR. LIM. MV Hors zones, ,BABUT,Limoges Comte,3197,Limoges Comte,OUVERT,MX, ,Limoges,Limoges,DEBORD,DAVID,frrcs3197@euromaster.com,05-55-38-10-71,06-74-69-19-27,VL: 05-19-03-71-00 / VI: 05-19-03-71-01,"5 A 9, RUE AUGUSTE COMTE Z.I. NORD",87000,LIMOGES,ROCHETTE Michel,FRADIN BRUNO,SIMOENS Amandine
CENTRE LOIRE CHAR. LIM.,PICARD,CENTRE LOIRE CHAR. LIM. MV Hors zones, ,BABUT,Montargis VI,3230,Montargis VI,OUVERT,MV ,Chambray Les Tours, , , ,FRRCS3230@euromaster.com,02-38-07-15-70, ,02-49-03-71-50,26 RUE DE  LA BARAUDIERE Z.A.,45700,VILLEMANDEUR,ROCHETTE Michel,FRADIN BRUNO,SIMOENS Amandine
CENTRE LOIRE CHAR. LIM.,PICARD,CENTRE LOIRE CHAR. LIM. VL,CHABAUD (RAVL), ,Brive VL,3051,Brive VL,OUVERT,VL, , ,Limoges,D'OLIVEIRA,ERIC,frrcs3051@euromaster.com,05-55-88-96-39,07-84-39-25-99,05-87-43-70-00,"26, RUE JEAN-CHARLES RIVET",19100,BRIVE,ROCHETTE Michel,FRADIN BRUNO,SIMOENS Amandine
CENTRE LOIRE CHAR. LIM.,PICARD,CENTRE LOIRE CHAR. LIM. VL,CHABAUD (RAVL), ,Montargis VL,3231,Montargis VL,OUVERT,VL, , ,Limoges,ALLAGBE,JOSE,frrcs3231@euromaster.com,02-38-93-38-33,06-34-13-46-16,VL: 03-69-13-94-03 / VI: 03-69-13-94-03,"64, RUE JEAN JAURES",45200,MONTARGIS,ROCHETTE Michel,FRADIN BRUNO,SIMOENS Amandine
CENTRE LOIRE CHAR. LIM.,PICARD,ZONE MV CHAMBRAY LES TOURS,DUCALCON (RZ), ,Tours VL,3349,Tours VL,OUVERT,VL, , ,Limoges,LAUNAY,JOHNNY,frrcs3349@euromaster.com,02-47-51-03-03, ,02-56-05-92-70,"16, RUE C. HUYGENS Z.I. DE LA MILLETIERE",37100,TOURS,ROCHETTE Michel,FRADIN BRUNO,SIMOENS Amandine
CENTRE LOIRE CHAR. LIM.,PICARD,ZONE MV CHAMBRAY LES TOURS,DUCALCON (RZ),BABUT,Blois,3040,Blois,OUVERT,MX, ,Chambray Les Tours,Limoges,BORGNE,JOHAN,frrcs3040@euromaster.com,02-54-78-18-74,06-75-78-30-99,VL: 02-19-04-10-00 / VI: 02-19-04-10-01,AVENUE DE CHATEAUDUN,41000,BLOIS,ROCHETTE Michel,FRADIN BRUNO,SIMOENS Amandine
CENTRE LOIRE CHAR. LIM.,PICARD,ZONE MV CHAMBRAY LES TOURS,DUCALCON (RZ),BABUT,Chambray les Tours,3070,Chambray les Tours,OUVERT,MX, ,Chambray Les Tours,Limoges,DUCALCON,LOIC,FRRCS3070@euromaster.com,02-47-71-40-20,06-74-68-62-66,VL: 02-19-03-81-00 / VI: 02-19-03-81-05,"14, RUE JEAN PERRIN Z.I. NO.1",37170,CHAMBRAY LES TOURS,ROCHETTE Michel,FRADIN BRUNO,SIMOENS Amandine
CENTRE LOIRE CHAR. LIM.,PICARD,ZONE MV CHAMBRAY LES TOURS,DUCALCON (RZ),BABUT,Vendôme,3356,Vendôme,OUVERT,MX, ,Chambray Les Tours,Limoges,CABRELLI,PATRICK,frrcs3356@euromaster.com,02-54-73-71-71, ,VL: 03-69-13-92-51 / VI: 03-69-13-92-50,25 ROUTE DE PARIS R.N 10,41100,VENDOME,ROCHETTE Michel,FRADIN BRUNO,SIMOENS Amandine
CENTRE LOIRE CHAR. LIM.,PICARD,ZONE MV LE MANS, (RZ),BABUT,Alencon,3008,Alencon,OUVERT,MX, ,Chambray Les Tours,Limoges,JANVIER,VINCENT,frrcs3008@euromaster.com,02-33-81-28-50,06-44-10-60-43,VL: 02-14-17-70-01 / VI: 02-14-17-70-00,"26, RUE LAZARE CARNOT Z.I. NORD",61000,ALENCON,ROCHETTE Michel,FRADIN BRUNO,SIMOENS Amandine
CENTRE LOIRE CHAR. LIM.,PICARD,ZONE MV LE MANS, (RZ),BABUT,La Ferté Bernard,3170,La Ferté Bernard,OUVERT,MX, ,Chambray Les Tours,Limoges, , ,FRRCS3170@euromaster.com,02-43-60-16-30, ,VL: 02-56-05-92-90 / VI: 02-56-05-92-90,Z.A. LA PETITE CIBOLE LA CHAPELLE DU BOIS,72400,LA FERTE BERNARD,ROCHETTE Michel,FRADIN BRUNO,SIMOENS Amandine
CENTRE LOIRE CHAR. LIM.,PICARD,ZONE MV LE MANS, (RZ),BABUT,Le Mans ZI,3185,Le Mans ZI,OUVERT,MX, ,Chambray Les Tours,Limoges, , ,FRRCS3185@euromaster.com,02-43-52-12-80, ,VL: 03-64-54-40-05 / VI: 03-64-54-40-04,RUE DES FRERES VOISIN Z.I. NORD,72000,LE MANS,ROCHETTE Michel,FRADIN BRUNO,SIMOENS Amandine
CENTRE LOIRE CHAR. LIM.,PICARD,ZONE MV LE MANS, (RZ),BABUT,Sablé,3298,Sablé,OUVERT,MX, ,Chambray Les Tours,Limoges, , ,FRRCS3298@euromaster.com,02-43-62-16-90, ,VL: 04-65-95-93-14 / VI: 04-65-95-93-13,ROUTE DE LA FLECHE ZONE D ACTIVITE ST LAURENT,72300,SABLE S/SARTHE,ROCHETTE Michel,FRADIN BRUNO,SIMOENS Amandine
CENTRE LOIRE CHAR. LIM.,PICARD,ZONE MV PERIGNY,HADRI (RZ), ,La Rochelle,3174,La Rochelle,OUVERT,VL, , ,Limoges,HADRI,IMADE,FRRCS3174@euromaster.com,05-46-34-85-71,06-68-70-98-41,05-87-43-70-21,"153, BOULEVARD ANDRE SAUTEL",17000,LA ROCHELLE,ROCHETTE Michel,FRADIN BRUNO,SIMOENS Amandine
CENTRE LOIRE CHAR. LIM.,PICARD,ZONE MV PERIGNY,HADRI (RZ), ,Thouars VL,3341,Thouars VL,OUVERT,VL, , ,Limoges,HADRI,IMADE,FRRCS3341@euromaster.com,05-49-66-06-52,06-68-70-98-41,05-87-43-71-90,24 BD ERNEST RENAN,79100,THOUARS,ROCHETTE Michel,FRADIN BRUNO,SIMOENS Amandine
CENTRE LOIRE CHAR. LIM.,PICARD,ZONE MV PERIGNY,HADRI (RZ),BABUT,Loudun,3201,Loudun,OUVERT,MX, ,Limoges,Limoges,ROBIN,BENOIT,FRRCS3201@euromaster.com,05-49-98-19-39, ,VL: 05-87-43-71-26 / VI: 05-87-43-71-25,6 AVENUE OUAGADOUGOU ZI NORD,86200,LOUDUN,ROCHETTE Michel,FRADIN BRUNO,SIMOENS Amandine
CENTRE LOIRE CHAR. LIM.,PICARD,ZONE MV PERIGNY,HADRI (RZ),BABUT,Perigny + base av.,3262,Perigny,OUVERT,MX, , ,Limoges,HADRI,IMADE,FRRCS3262@euromaster.com,05-46-55-44-60,06-68-70-98-41,VL: 01-77-00-10-04 / VI: 01-77-00-10-05,RUE MARIOTTE ZI PERIGNY,17180,PERIGNY,ROCHETTE Michel,FRADIN BRUNO,SIMOENS Amandine
CENTRE LOIRE CHAR. LIM.,PICARD,ZONE MV PERIGNY,HADRI (RZ),BABUT,Perigny + base av.,3436,Base av. La Crèche,OUVERT,BASE AV, , , ,HADRI,IMADE,FRRCS3262@euromaster.com, ,06-68-70-98-41, ,sis Allee Louis Antoine de Bougainville ZA Champs Albert,79260,LA CRECHE,ROCHETTE Michel, , 
CENTRE LOIRE CHAR. LIM.,PICARD,ZONE MV PERIGNY,HADRI (RZ),BABUT,Poitiers 8 mai,3271,Poitiers 8 mai,OUVERT,MX, ,Limoges,Limoges,HADRI,IMADE,FRRCS3271@euromaster.com,05-49-57-25-82,06-68-70-98-41,VL: 05-16-39-33-01 / VI: 05-16-39-33-00,"174, AVENUE DU 8 MAI 1945",86000,POITIERS,ROCHETTE Michel,FRADIN BRUNO,SIMOENS Amandine
CENTRE LOIRE CHAR. LIM.,PICARD,ZONE MV PERIGNY,HADRI (RZ),BABUT,Thouars VI,3340,Thouars VI,OUVERT,MV , , ,ROBIN,BENOIT,frrcs3340@euromaster.com,05-49-66-69-25, ,05-87-43-70-90,ZONE ARTISANALE LA MOTTE DES JUSTICES,79100,THOUARS,ROCHETTE Michel,FRADIN BRUNO,SIMOENS Amandine
CENTRE LOIRE CHAR. LIM.,PICARD,ZONE MV SAINTES,PEREIRA (RZ),BABUT,Angoulême,3013,Angoulême VI,OUVERT,MX, , ,Limoges,CHARLANNE,NICOLAS,frrcs3013@euromaster.com,05-45-22-97-00,06-16-82-24-80,VL: 05-87-43-70-61 / VI: 05-87-43-70-60,"37, BOULEVARD BESSON BEY PORT L HOUMEAU",16000,ANGOULEME,ROCHETTE Michel,FRADIN BRUNO,SIMOENS Amandine
CENTRE LOIRE CHAR. LIM.,PICARD,ZONE MV SAINTES,PEREIRA (RZ),BABUT,Barbezieux-Saint-Hilaire,3401,Barbezieux-Saint-Hilaire,OUVERT,MX, ,Limoges,Limoges,PEREIRA,ADRIAN,FRRCS3401@euromaster.com,05-32-05-00-04,06-85-07-83-49,VL: 03-59-53-68-06 / VI: 03-59-53-68-05,Les Combes,16300,BARBEZIEUX SAINT HILAIRE,ROCHETTE Michel,FRADIN BRUNO,SIMOENS Amandine
CENTRE LOIRE CHAR. LIM.,PICARD,ZONE MV SAINTES,PEREIRA (RZ),BABUT,Chateaubernard,3403,Chateaubernard,OUVERT,MX, ,Limoges,Limoges,PEREIRA,ADRIAN,FRRCS3403@euromaster.com,05-45-82-24-66,06-85-07-83-49,05-16-75-70-00,15 avenue de Barbezieux,16100,CHATEAUBERNARD,ROCHETTE Michel,FRADIN BRUNO,SIMOENS Amandine
CENTRE LOIRE CHAR. LIM.,PICARD,ZONE MV SAINTES,PEREIRA (RZ),BABUT,Jonzac + base av.,3402,Jonzac,OUVERT,MX, ,Limoges,Limoges,PEREIRA,ADRIAN,FRRCS3402@euromaster.com,05-19-77-00-06,06-85-07-83-49,03-45-21-68-04,30 avenue du 19 Mars 1962,17500,JONZAC,ROCHETTE Michel,FRADIN BRUNO,SIMOENS Amandine
CENTRE LOIRE CHAR. LIM.,PICARD,ZONE MV SAINTES,PEREIRA (RZ),BABUT,Jonzac + base av.,3404,Base av. Orignolles,OUVERT,BASE AV, ,Limoges, ,PEREIRA,ADRIAN,FRRCS3402@euromaster.com, ,06-85-07-83-49,05-87-43-71-10,Chez Mr Mesnard Transport Rousselot,17210,ORIGNOLLES,ROCHETTE Michel, , 
CENTRE LOIRE CHAR. LIM.,PICARD,ZONE MV SAINTES,PEREIRA (RZ),BABUT,Saintes,3324,Saintes,OUVERT,MX, , ,Limoges,PEREIRA,ADRIAN,FRRCS3324@euromaster.com,05-46-74-83-00,06-85-07-83-49,VL: 05-87-43-71-30 / VI: 05-87-43-71-30,RUE DU CHEMIN FERRE Z.I. DE L ORMEAU DE PIED,17100,SAINTES,ROCHETTE Michel,FRADIN BRUNO,SIMOENS Amandine
CENTRE LOIRE CHAR. LIM.,PICARD,ZONE MV SARAN,RENARD (RZ), ,Olivet,3257,Olivet,OUVERT,VL, , ,Limoges,RENARD,SEBASTIEN,FRRCS3257@euromaster.com,02-38-63-41-64,06-30-45-53-89,02-34-08-81-00,101 RUE D ALSACE ZAC DES PROVINCES,45160,OLIVET,ROCHETTE Michel,FRADIN BRUNO,SIMOENS Amandine
CENTRE LOIRE CHAR. LIM.,PICARD,ZONE MV SARAN,RENARD (RZ),BABUT,Pithiviers,3268,Pithiviers,OUVERT,MX, ,Chambray Les Tours,Limoges,RENARD,SEBASTIEN,FRRCS3268@euromaster.com,02-38-06-11-30,06-30-45-53-89,VL: 02-49-03-71-20 / VI: 02-49-03-71-21,RUE JEAN MONNET ZAC DE ZENIVES,45300,PITHIVIERS,ROCHETTE Michel,FRADIN BRUNO,SIMOENS Amandine
CENTRE LOIRE CHAR. LIM.,PICARD,ZONE MV SARAN,RENARD (RZ),BABUT,Saran,3328,Saran,OUVERT,MX, ,Chambray Les Tours,Limoges,RENARD,SEBASTIEN,FRRCS3328@euromaster.com,02-38-70-93-20,06-30-45-53-89,VL: 02-56-05-92-21 / VI: 02-56-05-92-20,168 RUE FRANCIS PERRIN,45770,SARAN,ROCHETTE Michel,FRADIN BRUNO,SIMOENS Amandine
CENTRE LOIRE CHAR. LIM.,PICARD,ZONE MV SARAN,RENARD (RZ),BABUT,Toury,3350,Toury,OUVERT,MX, , ,Limoges,RENARD,SEBASTIEN,FRRCS3350@euromaster.com,02-37-90-41-90,06-30-45-53-89,VL: 02-90-77-10-01 / VI: 02-90-77-10-00,ZI DE LA HAUTE BORNE RUE DE LA MALADRERIE,28310,TOURY,ROCHETTE Michel,FRADIN BRUNO,SIMOENS Amandine
CHAMPAGNE-ARD. HDF,NEVEUX,CHAMPAGNE-ARD. HDF MV Hors zones, ,DESBANS,Amiens VI,3009,Amiens VI,OUVERT,MV , ,Lesquin,BELLANCOURT,MICHAEL,frrcs3009@euromaster.com,03-22-67-55-80,06-88-25-35-12,03-58-93-61-90,AVENUE ROGER DUMOULIN Z.I NORD,80000,AMIENS,PINEL Marie,LHARMINEZ Hélène,CANO-BINDI LAUREEN
CHAMPAGNE-ARD. HDF,NEVEUX,CHAMPAGNE-ARD. HDF MV Hors zones, ,DESBANS,Epernay,3144,Epernay,OUVERT,MX, , ,Lesquin,MOREAU,ERIC,frrcs3144@euromaster.com,03-26-55-90-40,06-80-04-08-43,VL: 03-58-93-61-21 / VI: 03-58-93-61-20,"94, AVENUE A. THEVENET",51530,EPERNAY - MAGENTA,PINEL Marie,LHARMINEZ Hélène,CANO-BINDI LAUREEN
CHAMPAGNE-ARD. HDF,NEVEUX,CHAMPAGNE-ARD. HDF MV Hors zones, ,DESBANS,Hallennes,3438,Hallennes,OUVERT,MX, , ,Lesquin,DE TAEYE,ALEXANDRE,frrcs3438@euromaster.com,03-20-48-48-48, ,03-60-04-91-40,331 RUE DU GENERAL DE GAULLE,59320,HALLENNES LEZ HAUBOURDIN,PINEL Marie,LHARMINEZ Hélène,CANO-BINDI LAUREEN
CHAMPAGNE-ARD. HDF,NEVEUX,CHAMPAGNE-ARD. HDF MV Hors zones, ,DESBANS,Lesquin VI,3192,Lesquin VI,OUVERT,MV ,Lesquin, ,CHRETIEN,RICHARD,frrcs3192@euromaster.com,03-20-87-90-60,06-30-16-14-39,03-64-54-40-02,RUE DE LA CROIX BOUGARD CENTRE ROUTIER,59810,LESQUIN,PINEL Marie,LHARMINEZ Hélène,CANO-BINDI LAUREEN
CHAMPAGNE-ARD. HDF,NEVEUX,CHAMPAGNE-ARD. HDF MV Hors zones, ,DESBANS,Montdidier,3232,Montdidier,OUVERT,MX, , ,Lesquin,BELLANCOURT,MICHAEL,FRRCS3232@euromaster.com,03-22-37-08-67,06-88-25-35-12,03-58-93-62-04,"30, AVENUE MAURICE LECONTE",80500,MONTDIDIER,PINEL Marie,LHARMINEZ Hélène,CANO-BINDI LAUREEN
CHAMPAGNE-ARD. HDF,NEVEUX,CHAMPAGNE-ARD. HDF MV Hors zones, ,DESBANS,Montmirail,3237,Montmirail,OUVERT,MX, , ,Lesquin,MOREAU,ERIC,FRRCS3237@euromaster.com,03-26-81-22-14,06-80-04-08-43,03-59-71-51-30,16 RUE DE LA GUINOTTERIE ZI DU MONDANT,51210,MONTMIRAIL,PINEL Marie,LHARMINEZ Hélène,CANO-BINDI LAUREEN
CHAMPAGNE-ARD. HDF,NEVEUX,CHAMPAGNE-ARD. HDF VL,METZ (RAVL), ,La Madeleine,3172,La Madeleine,OUVERT,VL, , ,Lesquin,LEFEBVRE,THIERRY,frrcs3172@euromaster.com,03-28-38-91-30,07-86-48-47-86,03-59-71-50-00,"261 BIS, AV. DE LA REPUBLIQUE",59110,LA MADELEINE,PINEL Marie,LHARMINEZ Hélène,CANO-BINDI LAUREEN
CHAMPAGNE-ARD. HDF,NEVEUX,CHAMPAGNE-ARD. HDF VL,METZ (RAVL), ,Laon ZI,3181,Laon ZI,OUVERT,MX, , ,Lesquin, , ,FRRCS3181@euromaster.com,03-23-23-01-17, ,VL: 03-64-54-40-00 / VI: 03-64-54-40-01,"10, RUE DES MINIMES Z.I.",02000,LAON,PINEL Marie,LHARMINEZ Hélène,CANO-BINDI LAUREEN
CHAMPAGNE-ARD. HDF,NEVEUX,CHAMPAGNE-ARD. HDF VL,METZ (RAVL), ,Lesquin VL,3193,Lesquin VL,OUVERT,VL,1, ,Lesquin,RICQ,JEAN-FRANCOIS,frrcs3193@euromaster.com,03-20-16-98-80,06-85-94-11-67,03-63-78-30-04,RUE DE LA CROIX BOUGARD CENTRE ROUTIER,59810,LESQUIN,PINEL Marie,LHARMINEZ Hélène,CANO-BINDI LAUREEN
CHAMPAGNE-ARD. HDF,NEVEUX,CHAMPAGNE-ARD. HDF VL,METZ (RAVL), ,Lille Isly,3194,Lille Isly,OUVERT,VL, , ,Lesquin,VANDE WOESTYNE,REGIS,frrcs3194@euromaster.com,03-20-00-17-20,06-30-42-96-23,03-58-93-62-60,"20, RUE D ISLY",59000,LILLE,PINEL Marie,LHARMINEZ Hélène,CANO-BINDI LAUREEN
CHAMPAGNE-ARD. HDF,NEVEUX,CHAMPAGNE-ARD. HDF VL,METZ (RAVL), ,Mons en Baroeul,3229,Mons en Baroeul,OUVERT,VL, , ,Lesquin, , ,FRRCS3229@euromaster.com,03-20-04-88-08, ,03-59-53-68-00,"322, RUE DU GENERAL DE GAULLE",59370,MONS EN BAROEUL,PINEL Marie,LHARMINEZ Hélène,CANO-BINDI LAUREEN
CHAMPAGNE-ARD. HDF,NEVEUX,CHAMPAGNE-ARD. HDF VL,METZ (RAVL), ,Saint Quentin,3321,Saint Quentin,OUVERT,MX, , ,Lesquin,CHABAUD,JÉRÔME,frrcs3321@euromaster.com,03-23-06-67-67,06-08-69-99-27,VL: 03-64-86-70-01 / VI: 03-64-86-70-00,"51 TER, AV. GENERAL DE GAULLE ZI",02100,ST QUENTIN,PINEL Marie,LHARMINEZ Hélène,CANO-BINDI LAUREEN
CHAMPAGNE-ARD. HDF,NEVEUX,CHAMPAGNE-ARD. HDF VL,METZ (RAVL), ,Soissons,3334,Soissons,OUVERT,MX, , ,Lesquin, , ,FRRCS3334@euromaster.com,03-23-59-95-99, ,03-58-93-62-50,"60, AVENUE DE COMPIEGNE",02200,SOISSONS,PINEL Marie,LHARMINEZ Hélène,CANO-BINDI LAUREEN
CHAMPAGNE-ARD. HDF,NEVEUX,ZONE MV ABBEVILLE AMIENS,ROY (RZ), ,Amiens VL,3010,Amiens VL,OUVERT,VL, , ,Lesquin,ROY,MAXIME,FRRCS3010@euromaster.com,03-22-50-43-43,07-86-30-43-89,03-60-19-95-00,"120, CHAUSSEE JULES FERRY",80000,AMIENS,PINEL Marie,LHARMINEZ Hélène,CANO-BINDI LAUREEN
CHAMPAGNE-ARD. HDF,NEVEUX,ZONE MV ABBEVILLE AMIENS,ROY (RZ),DESBANS,Abbeville,3000,Abbeville,OUVERT,MX, , ,Lesquin,ROY,MAXIME,FRRCS3000@euromaster.com,03-22-20-14-70,07-86-30-43-89,03-58-93-62-10,ZAC DES DEUX VALLEES,80100,ABBEVILLE,PINEL Marie,LHARMINEZ Hélène,CANO-BINDI LAUREEN
CHAMPAGNE-ARD. HDF,NEVEUX,ZONE MV ABBEVILLE AMIENS,ROY (RZ),DESBANS,Eu,3146,Eu,OUVERT,MX, , ,Lesquin,ROY,MAXIME,FRRCS3146@euromaster.com,02-27-28-03-40,07-86-30-43-89,02-56-05-91-31,"7, RUE DES BELGES",76260,EU,PINEL Marie,LHARMINEZ Hélène,CANO-BINDI LAUREEN
CHAMPAGNE-ARD. HDF,NEVEUX,ZONE MV CHARLEVILLE MEZIERES,POSTA (RZ), ,Vervins,3359,Vervins,OUVERT,MX, , ,Lesquin,POSTA,FREDERIC,FRRCS3359@euromaster.com,03-23-98-30-79,06-33-26-53-14,VL: 02-56-05-92-86 / VI: 02-56-05-92-85,"7,  PONT DE PIERRE",02140,FONTAINE LES VERVINS,PINEL Marie,LHARMINEZ Hélène,CANO-BINDI LAUREEN
CHAMPAGNE-ARD. HDF,NEVEUX,ZONE MV CHARLEVILLE MEZIERES,POSTA (RZ),DESBANS,Charleville Mezieres,3072,Charleville Mezieres,OUVERT,MX, , ,Lesquin,POSTA,FREDERIC,FRRCS3072@euromaster.com,03-24-57-02-44,06-33-26-53-14,VL: 03-58-93-61-71 / VI: 03-58-93-61-70,RUE PAULIN RICHIER ZAC DE LA CROISETTE,08000,CHARLEVILLE MEZIERES,PINEL Marie,LHARMINEZ Hélène,CANO-BINDI LAUREEN
CHAMPAGNE-ARD. HDF,NEVEUX,ZONE MV CHARLEVILLE MEZIERES,POSTA (RZ),DESBANS,Rethel,3287,Rethel,OUVERT,MX, , ,Lesquin,LOISELET,BENJAMIN,frrcs3287@euromaster.com,03-24-72-64-80, ,03-60-04-91-30,RUE DE BASTOGNE Z.I. DE PARGNY,08300,RETHEL,PINEL Marie,LHARMINEZ Hélène,CANO-BINDI LAUREEN
CHAMPAGNE-ARD. HDF,NEVEUX,ZONE MV CREIL,MARQUILLIE (RZ),DESBANS,Beauvais,3033,Beauvais,OUVERT,MX, , ,Lesquin,MARQUILLIE,THOMAS,FRRCS3033@euromaster.com,03-44-14-31-10, ,VL: 03-60-04-91-01 / VI: 03-60-04-91-00,"21, AVENUE BLAISE PASCAL",60000,BEAUVAIS,PINEL Marie,LHARMINEZ Hélène,CANO-BINDI LAUREEN
CHAMPAGNE-ARD. HDF,NEVEUX,ZONE MV CREIL,MARQUILLIE (RZ),DESBANS,Compiegne,3086,Compiegne,OUVERT,MX, , ,Lesquin,MARQUILLIE,THOMAS,FRRCS3086@euromaster.com,03-44-30-37-37, ,VL: 04-48-18-95-05 / VI: 04-48-18-95-04,"10, RUE JACQUES DE VAUCANSON ZAC DE MERCIERES",60200,COMPIEGNE,PINEL Marie,LHARMINEZ Hélène,CANO-BINDI LAUREEN
CHAMPAGNE-ARD. HDF,NEVEUX,ZONE MV CREIL,MARQUILLIE (RZ),DESBANS,Creil,3096,Creil,OUVERT,MX, , ,Lesquin,FOURNAISE,TOMMY,frrcs3096@euromaster.com,03-44-64-66-80,06-85-94-21-41,03-75-29-50-00,Z.A E. T. ST-MAXIMIN,60100,CREIL,PINEL Marie,LHARMINEZ Hélène,CANO-BINDI LAUREEN
CHAMPAGNE-ARD. HDF,NEVEUX,ZONE MV REIMS,CHAPPUY (RZ),DESBANS,Chalons en Champagne,3067,Chalons en Champagne,OUVERT,MX, , ,Lesquin,CHAPPUY,CYRIL,FRRCS3067@euromaster.com,03-26-26-19-97,06-82-61-08-47,VL: 03-58-93-61-41 / VI: 03-58-93-61-40,1 BIS AVENUE DU 106EME R.I.,51000,CHALONS EN CHAMPAGNE,PINEL Marie,LHARMINEZ Hélène,CANO-BINDI LAUREEN
CHAMPAGNE-ARD. HDF,NEVEUX,ZONE MV REIMS,CHAPPUY (RZ),DESBANS,Reims Pompelle,3283,Reims Pompelle,OUVERT,MX, , ,Lesquin,CHAPPUY,CYRIL,FRRCS3283@euromaster.com,03-51-30-81-30,06-82-61-08-47,VL: 04-56-24-92-02 / VI: 04-56-24-92-01,2A BOULEVARD DE VAL DE VESLES ZI DE LA POMPELLE 51,51100,REIMS,PINEL Marie,LHARMINEZ Hélène,CANO-BINDI LAUREEN
CHAMPAGNE-ARD. HDF,NEVEUX,ZONE MV REIMS,CHAPPUY (RZ),DESBANS,Vitry,3370,Vitry,OUVERT,MX, , ,Lesquin,CHAPPUY,CYRIL,FRRCS3370@euromaster.com,03-26-72-27-33,06-82-61-08-47,03-59-71-50-70,RUE DE LA VIOLETTE Z.I. DES MAROLLES,51300,VITRY LE FRANCOIS,PINEL Marie,LHARMINEZ Hélène,CANO-BINDI LAUREEN
CHAMPAGNE-ARD. HDF,NEVEUX,ZONE MV ST MARTIN AU LAERT,HAU (RZ),DESBANS,Dunkerque ZI,3106,Dunkerque ZI,OUVERT,MX, ,Lesquin,Lesquin,HAU,AYMERIC,FRRCS3106@euromaster.com,03-28-25-96-40,06-30-01-94-23,03-69-13-92-80,RUE DE L ALBECK Z.I. PETITE SYNTHE,59640,DUNKERQUE,PINEL Marie,LHARMINEZ Hélène,CANO-BINDI LAUREEN
CHAMPAGNE-ARD. HDF,NEVEUX,ZONE MV ST MARTIN AU LAERT,HAU (RZ),DESBANS,Hazebrouck,3439,Hazebrouck,OUVERT,MX, , ,Lesquin,BERNARD,MICHAEL,frrcs3439@euromaster.com,03-28-50-10-72, ,03-60-04-91-50,199 RUE DE MERVILLE,59190,HAZEBROUCK,PINEL Marie,LHARMINEZ Hélène,CANO-BINDI LAUREEN
CHAMPAGNE-ARD. HDF,NEVEUX,ZONE MV ST MARTIN AU LAERT,HAU (RZ),DESBANS,Saint Martin au Laert + base av.,3316,Saint Martin au Laert,OUVERT,MX, , ,Lesquin,CAZIN,SEBASTIEN,frrcs3316@euromaster.com,03-21-38-99-00,06-59-67-51-47,VL: 03-60-04-91-20 / VI: 03-60-04-91-20,RUE DES CORMETTES Z.I. FOND SQUIN,62500,ST MARTIN AU LAERT,PINEL Marie,LHARMINEZ Hélène,CANO-BINDI LAUREEN
CHAMPAGNE-ARD. HDF,NEVEUX,ZONE MV VALENCIENNES,NELEN (RZ),DESBANS,Annay,3437,Annay,OUVERT,MX, , ,Lesquin,NELEN,ARNAUD,FRRCS3437@euromaster.com,03-21-70-62-05,06-07-78-81-77,03-69-13-92-90,16 ROUTE DE LILLE,62880,ANNAY SOUS LENS,PINEL Marie,LHARMINEZ Hélène,CANO-BINDI LAUREEN
CHAMPAGNE-ARD. HDF,NEVEUX,ZONE MV VALENCIENNES,NELEN (RZ),DESBANS,Arras,3020,Arras,OUVERT,MX, , ,Lesquin,NELEN,ARNAUD,FRRCS3020@euromaster.com,03-21-21-71-40,06-07-78-81-77,VL: 03-58-93-61-61 / VI: 03-58-93-61-60,"245, AVENUE KENNEDY",62000,ARRAS,PINEL Marie,LHARMINEZ Hélène,CANO-BINDI LAUREEN
CHAMPAGNE-ARD. HDF,NEVEUX,ZONE MV VALENCIENNES,NELEN (RZ),DESBANS,Valenciennes,3353,Valenciennes,OUVERT,MX, , ,Lesquin,NELEN,ARNAUD,FRRCS3353@euromaster.com,03-27-21-02-54,06-07-78-81-77,VL: 02-76-52-76-06 / VI: 02-76-52-76-05,ROUVIGNIES PROUVY Z.I. 2,59328,VALENCIENNES,PINEL Marie,LHARMINEZ Hélène,CANO-BINDI LAUREEN
ILE DE FRANCE,DEVEAUX,ILE DE FRANCE MV Hors zones, ,BERTRAND,Coignières,3083,Coignières,OUVERT,MX, ,Antony,Antony,PETREAU,JOHN,frrcs3083@euromaster.com,01-30-05-00-00,06-74-68-62-71,VL: 01-77-04-72-00 / VI: 01-77-04-72-01,"109 A 115, ROUTE NATIONALE 10",78310,COIGNIERES,ROCHETTE Michel,BENTO Pedro Miguel,NUENO Severine
ILE DE FRANCE,DEVEAUX,ILE DE FRANCE MV Hors zones, ,BERTRAND,Conflans Sainte Honorine,3088,Conflans Sainte Honorine,OUVERT,MV ,Antony, ,BOUCHER,LIONEL,frrcs3088@euromaster.com,01-39-72-04-00,06-74-68-63-09,01-71-57-40-80,"9, RUE DE L ACTIVITE Z.I. DU CHAMP GAILLARD",78700,CONFLANS ST HONORINE,ROCHETTE Michel,BENTO Pedro Miguel,NUENO Severine
ILE DE FRANCE,DEVEAUX,ILE DE FRANCE MV Hors zones, ,BERTRAND,Evreux VI,3147,Evreux VI,OUVERT,MV ,Grentheville, ,HENRY,GREGORY,frrcs3147@euromaster.com,02-32-28-50-30,07-86-94-72-46,02-76-55-10-00,"2, RUE DU GAL LANGLE DE CARY Z.I. NO.2 LA MADELEINE",27000,EVREUX,ROCHETTE Michel,BENTO Pedro Miguel,NUENO Severine
ILE DE FRANCE,DEVEAUX,ILE DE FRANCE MV Hors zones, ,BERTRAND,Le Neubourg,3186,Le Neubourg,OUVERT,MX, ,Grentheville,Antony,PREVOST,LILIAN,FRRCS3186@euromaster.com,02-32-35-10-47,06-72-17-20-26,VL: 02-56-05-91-81 / VI: 02-56-05-91-80,"441, ROUTE D ELBEUF VITOT",27110,LE NEUBOURG,ROCHETTE Michel,BENTO Pedro Miguel,NUENO Severine
ILE DE FRANCE,DEVEAUX,ILE DE FRANCE MV Hors zones, ,BERTRAND,Massy Palaiseau VI,3220,Massy Palaiseau VI,OUVERT,MX,3,Antony, ,MICHARD,CHRISTOPHE,frrcs3220@euromaster.com,01-69-20-38-20,06-86-28-34-42,01-86-67-28-00,12-14 RUE FRANCOIS SOMMER,92160,ANTONY,ROCHETTE Michel,BENTO Pedro Miguel,NUENO Severine
ILE DE FRANCE,DEVEAUX,ILE DE FRANCE MV Hors zones, ,BERTRAND,Saint Etienne De Rouvray VI,3305,Saint Etienne De Rouvray VI,OUVERT,MV ,Grentheville, ,AMERICA,DIDIER,frrcs3305@euromaster.com,02-32-91-74-40,06-48-35-97-45,02-49-03-71-40,RUE DE LA GRANDE EPINE Z.I. EST,76808,SAINT ETIENNE DU ROUVRAY,ROCHETTE Michel,BENTO Pedro Miguel,NUENO Severine
ILE DE FRANCE,DEVEAUX,ILE DE FRANCE VL,BOUAZDI (RAVL), ,Bapeaume les Rouen,3029,Bapeaume les Rouen,OUVERT,VL, , ,Antony,PREVOST,LILIAN,FRRCS3029@euromaster.com,02-35-74-27-69,06-72-17-20-26,02-76-52-76-00,9021 RUE DU CANAL CENTRE CIAL LECLERC,76380,CANTELEU,ROCHETTE Michel,BENTO Pedro Miguel,NUENO Severine
ILE DE FRANCE,DEVEAUX,ILE DE FRANCE VL,BOUAZDI (RAVL), ,Blanc Mesnil VL,3039,Blanc Mesnil VL,OUVERT,VL, , ,Antony,CERRUTI,OLIVIER,FRRCS3039@euromaster.com,01-55-81-19-60,06-82-14-87-47,01-71-83-44-00,"190, AVENUE CHARLES FLOQUET",93150,BLANC MESNIL,ROCHETTE Michel,BENTO Pedro Miguel,NUENO Severine
ILE DE FRANCE,DEVEAUX,ILE DE FRANCE VL,BOUAZDI (RAVL), ,Corbeil,3091,Corbeil,OUVERT,VL, , ,Antony, , ,FRRCS3091@euromaster.com,01-60-89-15-25, ,01-71-57-40-10,"80, 84,  BLD DE FONTAINEBLEAU",91100,CORBEIL ESSONNES,ROCHETTE Michel,BENTO Pedro Miguel,NUENO Severine
ILE DE FRANCE,DEVEAUX,ILE DE FRANCE VL,BOUAZDI (RAVL), ,Evreux VL,3148,Evreux VL,OUVERT,VL, , ,Antony,DUVAL,SEBASTIEN,frrcs3148@euromaster.com,02-32-33-91-08,06-40-53-09-60,02-56-05-91-40,"54, AVENUE FOCH",27000,EVREUX,ROCHETTE Michel,BENTO Pedro Miguel,NUENO Severine
ILE DE FRANCE,DEVEAUX,ILE DE FRANCE VL,BOUAZDI (RAVL), ,Longjumeau,3199,Longjumeau,OUVERT,VL, , ,Antony, , ,FRRCS3199@euromaster.com,01-69-74-18-88, ,01-71-57-40-40,"5, ROUTE DE VERSAILLES PETIT CHAMPLAN",91160,LONGJUMEAU,ROCHETTE Michel,BENTO Pedro Miguel,NUENO Severine
ILE DE FRANCE,DEVEAUX,ILE DE FRANCE VL,BOUAZDI (RAVL), ,Massy CORA VL,3219,Massy CORA VL,OUVERT,VL, , ,Antony,ZROUD,JAWHER,frrcs3219@euromaster.com,01-64-53-13-55, ,01-71-57-40-90,"120, AVENUE DE L EUROPE CENTRE COMMERCIAL CORA",91885,MASSY,ROCHETTE Michel,BENTO Pedro Miguel,NUENO Severine
ILE DE FRANCE,DEVEAUX,ILE DE FRANCE VL,BOUAZDI (RAVL), ,Massy VL,3221,Massy VL,OUVERT,VL, , ,Antony, , ,FRRCS3221@euromaster.com,01-69-75-13-50, ,04-65-95-96-05,"12, RUE MARCEL PAUL Z.I. DE LA BONDE",91300,MASSY,ROCHETTE Michel,BENTO Pedro Miguel,NUENO Severine
ILE DE FRANCE,DEVEAUX,ILE DE FRANCE VL,BOUAZDI (RAVL), ,Nanterre VL,3246,Nanterre VL,OUVERT,VL,3, ,Antony,OUGUERROUDJ,RABAH,rabah.ouguerroudj@euromaster.com,01-55-69-16-00, ,01-89-35-70-04,"74-76,  AVENUE W. LENINE",92000,NANTERRE,ROCHETTE Michel,BENTO Pedro Miguel,NUENO Severine
ILE DE FRANCE,DEVEAUX,ILE DE FRANCE VL,BOUAZDI (RAVL), ,Nemours,3250,Nemours,OUVERT,VL, , ,Antony,VIAENE,GERARD,frrcs3250@euromaster.com,01-64-28-11-21,06-38-55-00-37,02-56-13-11-00,"16, RUE D EGREVILLE",77140,NEMOURS,ROCHETTE Michel,BENTO Pedro Miguel,NUENO Severine
ILE DE FRANCE,DEVEAUX,ILE DE FRANCE VL,BOUAZDI (RAVL), ,Paris XVII,3261,Paris XVII,OUVERT,VL, , ,Antony,CERRUTI,OLIVIER,FRRCS3261@euromaster.com,01-53-06-67-00,06-82-14-87-47,05-87-43-70-55,"181 TER, AVENUE DE CLICHY",75017,PARIS,ROCHETTE Michel,BENTO Pedro Miguel,NUENO Severine
ILE DE FRANCE,DEVEAUX,ILE DE FRANCE VL,BOUAZDI (RAVL), ,Pierrelaye VL,3267,Pierrelaye VL,OUVERT,VL, , ,Antony,CERRUTI,OLIVIER,frrcs3267@euromaster.com,01-34-21-34-34,06-82-14-87-47,01-75-39-92-00,"121, AVENUE DU GENERAL LECLERC R.N. 14",95480,PIERRELAYE,ROCHETTE Michel,BENTO Pedro Miguel,NUENO Severine
ILE DE FRANCE,DEVEAUX,ILE DE FRANCE VL,BOUAZDI (RAVL), ,Plaisir,3269,Plaisir,OUVERT,VL, , ,Antony,KHELIFA ZOUBIR,TAOUFIK,FRRCS3269@euromaster.com,01-82-61-05-30,07-83-29-80-79,01-77-04-71-00,5 RUE DES FRERES LUMIERE,78370,PLAISIR,ROCHETTE Michel,BENTO Pedro Miguel,NUENO Severine
ILE DE FRANCE,DEVEAUX,ILE DE FRANCE VL,BOUAZDI (RAVL), ,Poissy VL,3270,Poissy VL,OUVERT,VL, , ,Antony,KHELIFA ZOUBIR,TAOUFIK,FRRCS3270@euromaster.com,01-30-06-31-40,07-83-29-80-79,01-71-57-40-30,"40, BOULEVARD ROBESPIERRE 43 BOULEVARD DEVAUX",78300,POISSY,ROCHETTE Michel,BENTO Pedro Miguel,NUENO Severine
ILE DE FRANCE,DEVEAUX,ILE DE FRANCE VL,BOUAZDI (RAVL), ,Pontault Combault,3275,Pontault Combault,OUVERT,VL, , ,Antony, , ,FRRCS3275@euromaster.com,01-82-70-00-20, ,01-77-00-10-00,ZAC DE LA TETE DE BUIS IMPASSE PEPITO 21 ROUTE  DE PARIS,77340,PONTAULT COMBAULT,ROCHETTE Michel,BENTO Pedro Miguel,NUENO Severine
ILE DE FRANCE,DEVEAUX,ILE DE FRANCE VL,BOUAZDI (RAVL), ,Rouen Av. de Caen,3295,Rouen Av. de Caen,OUVERT,VL,2, ,Antony,PREVOST,LILIAN,frrcs3295@euromaster.com,02-35-62-00-24,06-72-17-20-26,02-76-52-75-00,55 AVENUE DE CAEN BP 1223,76177,ROUEN,ROCHETTE Michel,BENTO Pedro Miguel,NUENO Severine
ILE DE FRANCE,DEVEAUX,ILE DE FRANCE VL,BOUAZDI (RAVL), ,Saint Cyr l'Ecole,3301,Saint Cyr l'Ecole,OUVERT,VL, , ,Antony,KHELIFA ZOUBIR,TAOUFIK,FRRCS3301@euromaster.com,01-30-45-29-72,07-83-29-80-79,03-56-12-93-06,"10, AVENUE H. BARBUSSE",78210,ST-CYR-L ECOLE,ROCHETTE Michel,BENTO Pedro Miguel,NUENO Severine
ILE DE FRANCE,DEVEAUX,ILE DE FRANCE VL,BOUAZDI (RAVL), ,Saint Marcel,3315,Saint Marcel,OUVERT,VL, , ,Cesson,PREVOST,LILIAN,FRRCS3315@euromaster.com,02-32-21-68-04,06-72-17-20-26,05-87-43-70-53,"11, RUE DE LA GARENNE Z.I.",27200,ST MARCEL,ROCHETTE Michel,BENTO Pedro Miguel,NUENO Severine
ILE DE FRANCE,DEVEAUX,ILE DE FRANCE VL,BOUAZDI (RAVL), ,Valenton,3354,Valenton,OUVERT,VL, , ,Antony, , ,FRRCS3354@euromaster.com,01-43-89-06-54, ,01-43-89-09-85,"54, AVENUE HENRI BARBUSSE",94460,VALENTON,ROCHETTE Michel,BENTO Pedro Miguel,NUENO Severine
ILE DE FRANCE,DEVEAUX,ILE DE FRANCE VL,BOUAZDI (RAVL), ,Versailles,3358,Versailles,OUVERT,VL, , ,Antony,KHELIFA ZOUBIR,TAOUFIK,frrcs3358@euromaster.com,01-30-21-24-25,07-83-29-80-79,01-71-42-30-00,"77, RUE DES CHANTIERS",78000,VERSAILLES,ROCHETTE Michel,BENTO Pedro Miguel,NUENO Severine
ILE DE FRANCE,DEVEAUX,ILE DE FRANCE VL,BOUAZDI (RAVL), ,Villejuif,3363,Villejuif,OUVERT,VL, , ,Antony, , ,FRRCS3363@euromaster.com,01-46-77-06-06, ,01-71-57-40-60,21 RUE DE VERDUN VAL-DE-MARNE,94800,VILLEJUIF,ROCHETTE Michel,BENTO Pedro Miguel,NUENO Severine
ILE DE FRANCE,DEVEAUX,ILE DE FRANCE VL,BOUAZDI (RAVL), ,Viroflay,3366,Viroflay,OUVERT,VL, , ,Antony,KHELIFA ZOUBIR,TAOUFIK,FRRCS3366@euromaster.com,01-30-24-49-96,07-83-29-80-79,01-71-41-51-00,"199, AVENUE DU GENERAL LECLERC",78220,VIROFLAY,ROCHETTE Michel,BENTO Pedro Miguel,NUENO Severine
ILE DE FRANCE,DEVEAUX,ILE DE FRANCE VL,BOUAZDI (RAVL), ,Viry Chatillon,3367,Viry Chatillon,OUVERT,VL, , ,Antony,IDJERAOUI,ZAHIR,frrcs3367@euromaster.com,01-69-44-30-07, ,04-12-20-70-02,"134, AV. DU GENERAL DE GAULLE R.N. 7",91170,VIRY CHATILLON,ROCHETTE Michel,BENTO Pedro Miguel,NUENO Severine
ILE DE FRANCE,DEVEAUX,ZONE MV BLANC MESNIL,LE BLAYE (RZ),BERTRAND,Blanc Mesnil VI,3038,Blanc Mesnil VI,OUVERT,MX,2,Antony, ,LE BLAYE,SEBASTIEN,FRRCS3038@euromaster.com,01-48-67-17-40,06-85-94-21-46,01-71-83-44-10,"3, AMAND ESDERS",93150,BLANC MESNIL,ROCHETTE Michel,BENTO Pedro Miguel,NUENO Severine
ILE DE FRANCE,DEVEAUX,ZONE MV BLANC MESNIL,LE BLAYE (RZ),BERTRAND,Lagny,3175,Lagny,OUVERT,MX, ,Antony,Antony,HADDADA,DORIA,frrcs3175@euromaster.com,01-60-94-08-98,06-58-14-42-57,02-19-03-81-06,"6-8, RUE CLAUDE CHAPPE Z.I.",77400,LAGNY S/MARNE,ROCHETTE Michel,BENTO Pedro Miguel,NUENO Severine
ILE DE FRANCE,DEVEAUX,ZONE MV BLANC MESNIL,LE BLAYE (RZ),BERTRAND,Villeneuve la Garenne + Dépannage,3364,Villeneuve la Garenne,OUVERT,MX, ,Antony,Antony,PREMONT,PIERRE,frrcs3364@euromaster.com,01-41-21-86-60,06-85-53-72-82,VL: 01-89-35-70-01 / VI: 01-89-35-70-00,"8, RUE DE LA REDOUTE Z.I.",92390,VILLENEUVE LA GARENNE,ROCHETTE Michel,BENTO Pedro Miguel,NUENO Severine
ILE DE FRANCE,DEVEAUX,ZONE MV GELLAINVILLE, (RZ),BERTRAND,Dreux,3105,Dreux,OUVERT,MX, ,Antony,Antony, , ,FRRCS3105@euromaster.com,02-37-62-55-30, ,VL: 02-34-69-60-00 / VI: 02-34-69-60-05,"27, AVENUE DES FENOTS",28100,DREUX,ROCHETTE Michel,BENTO Pedro Miguel,NUENO Severine
ILE DE FRANCE,DEVEAUX,ZONE MV GELLAINVILLE, (RZ),BERTRAND,Etampes,3145,Etampes,OUVERT,MX, ,Antony,Antony,MICHARD,CHRISTOPHE,FRRCS3145@euromaster.com,01-69-78-18-30,06-86-28-34-42,VL: 01-80-36-70-01 / VI: 01-80-36-70-00,ZI DES ROCHETTES,91150,MORIGNY,ROCHETTE Michel,BENTO Pedro Miguel,NUENO Severine
ILE DE FRANCE,DEVEAUX,ZONE MV GELLAINVILLE, (RZ),BERTRAND,Gellainville,3157,Gellainville,OUVERT,MX, ,Antony,Antony,SCHANDELMEYER,SOPHIE,frrcs3157@euromaster.com,02-37-88-42-20, ,02-56-05-91-60,28 AVENUE LOUIS PASTEUR Z.I,28630,GELLAINVILLE,ROCHETTE Michel,BENTO Pedro Miguel,NUENO Severine
ILE DE FRANCE,DEVEAUX,ZONE MV PROVINS,VIRATELLE (RZ),BERTRAND,Coulommiers,3094,Coulommiers,OUVERT,MX, ,Antony,Antony,MONGROLLE,MARION,frrcs3094@euromaster.com,01-64-03-01-95,06-62-10-96-02,01-71-57-40-70,"8, RUE DE L ORGEVAL Z.I.",77120,COULOMMIERS,ROCHETTE Michel,BENTO Pedro Miguel,NUENO Severine
ILE DE FRANCE,DEVEAUX,ZONE MV PROVINS,VIRATELLE (RZ),BERTRAND,Montereau ZI,3235,Montereau ZI,OUVERT,MX, ,Antony,Antony,SERRE,DAVID,frrcs3235@euromaster.com,01-64-32-11-98,06-07-73-18-05,VL: 02-50-22-33-06 / VI: 02-50-22-33-05,7 RUE DES GRANDES HAIES Z.I.,77130,MONTEREAU,ROCHETTE Michel,BENTO Pedro Miguel,NUENO Severine
ILE DE FRANCE,DEVEAUX,ZONE MV PROVINS,VIRATELLE (RZ),BERTRAND,Provins,3276,Provins,OUVERT,MX, ,Antony,Antony,VIRATELLE,STEPHANE,FRRCS3276@euromaster.com,01-64-00-03-23,06-45-90-79-17,VL: 01-75-87-30-00 / VI: 01-75-87-30-01,ROUTE DE CHAMPBENOIST Z.A.C. DES BORDES,77160,PROVINS,ROCHETTE Michel,BENTO Pedro Miguel,NUENO Severine
ILE DE FRANCE,DEVEAUX,ZONE MV PROVINS,VIRATELLE (RZ),BERTRAND,Vaux le Penil,3355,Vaux le Penil,OUVERT,MX, ,Antony,Antony,PAYET,DAVID,frrcs3355@euromaster.com,01-64-39-12-63,06-37-20-57-66,VL: 04-12-20-70-05 / VI: 04-12-20-70-04,"22, RUE DU MARECHAL JUIN",77000,VAUX LE PENIL,ROCHETTE Michel,BENTO Pedro Miguel,NUENO Severine
PROVENCE ALPES COTE D'AZUR,CARTON,PROVENCE ALPES COTE D'AZUR MV Hors zones, ,CHAUDANSON,Bagnols,3028,Bagnols,OUVERT,MX, , ,Montpellier,DUPLESSIS,CHRISTOPHE,frrcs3028@euromaster.com,04-66-89-54-19, ,VL: 04-30-39-30-01 / VI: 04-30-39-30-00,ROND POINT DE L EUROPE,30200,BAGNOLS SUR CEZE,YORDIKIAN Rémy,PITON Geraldine,DE ROBERTIS XAVIER
PROVENCE ALPES COTE D'AZUR,CARTON,PROVENCE ALPES COTE D'AZUR MV Hors zones, ,CHAUDANSON,Flassans VI,3150,Flassans VI,OUVERT,MV , , ,ROYO CHUECA,JEAN-PIERRE,frrcs3150@euromaster.com,04-83-72-82-00,06-80-75-99-16,04-51-23-10-60,4 CHEMIN RN7,83340,FLASSANS sur ISSOLE,YORDIKIAN Rémy,PITON Geraldine,DE ROBERTIS XAVIER
PROVENCE ALPES COTE D'AZUR,CARTON,PROVENCE ALPES COTE D'AZUR MV Hors zones, ,CHAUDANSON,Fréjus,3155,Fréjus,OUVERT,MX, , ,Montpellier,VERGNAULT,CHARLES,frrcs3155@euromaster.com,04-94-52-77-40,06-87-41-47-87,VL: 04-65-95-94-01 / VI: 04-65-95-94-00,161 RUE GEORGE BESSE Z.I. LA PALUD,83600,FREJUS,YORDIKIAN Rémy,PITON Geraldine,DE ROBERTIS XAVIER
PROVENCE ALPES COTE D'AZUR,CARTON,PROVENCE ALPES COTE D'AZUR MV Hors zones, ,CHAUDANSON,Le Pontet,3187,Le Pontet,OUVERT,MX,1, ,Montpellier,CREDA,GREGORY,frrcs3187@euromaster.com,04-90-31-29-60,06-77-73-56-56,VL: 04-86-33-70-01 / VI: 04-86-33-70-00,RUE DE LA VERDETTE LOTISS. D ACTIVITE LA GAULOISE,84130,LE PONTET,YORDIKIAN Rémy,PITON Geraldine,DE ROBERTIS XAVIER
PROVENCE ALPES COTE D'AZUR,CARTON,PROVENCE ALPES COTE D'AZUR MV Hors zones, ,CHAUDANSON,Manosque VI,3394,Manosque VI,OUVERT,MV , , ,BES,CHRISTOPHE,frrcs3394@euromaster.com,04-92-71-70-50,06-70-04-22-20,04-86-56-20-00,ZI Saint Maurice Quartier Le Fito,04100,MANOSQUE,YORDIKIAN Rémy,PITON Geraldine,DE ROBERTIS XAVIER
PROVENCE ALPES COTE D'AZUR,CARTON,PROVENCE ALPES COTE D'AZUR MV Hors zones, ,CHAUDANSON,Montpellier VI,3239,Montpellier VI,OUVERT,MV ,Montpellier, ,CORBEEL,VINCENT,frrcs3239@euromaster.com,04-99-52-81-00,06-08-37-61-83,04-48-18-95-00,4800 RUE DE LA JEUNE PARQUE,34070,MONTPELLIER,YORDIKIAN Rémy,PITON Geraldine,DE ROBERTIS XAVIER
PROVENCE ALPES COTE D'AZUR,CARTON,PROVENCE ALPES COTE D'AZUR MV Hors zones, ,CHAUDANSON,Nice Rte de Grenoble VI + base av.,3253,Base av. Nice Est,OUVERT,BASE AV, , , ,KHARBECHE,MABROUK,FRRCS3255@euromaster.com, ,06-74-68-63-95,04-56-60-50-69,10 ET 12 ROUTE DE LAGHET,06340,LA TRINITE,YORDIKIAN Rémy, , 
PROVENCE ALPES COTE D'AZUR,CARTON,PROVENCE ALPES COTE D'AZUR MV Hors zones, ,CHAUDANSON,Nice Rte de Grenoble VI + base av.,3255,Nice Rte de Grenoble VI,OUVERT,MV , , ,KHARBECHE,MABROUK,FRRCS3255@euromaster.com,04-92-29-52-60,06-74-68-63-95,04-12-20-71-70,"492, ROUTE DE GRENOBLE",06200,NICE,YORDIKIAN Rémy,PITON Geraldine,DE ROBERTIS XAVIER
PROVENCE ALPES COTE D'AZUR,CARTON,PROVENCE ALPES COTE D'AZUR MV Hors zones, ,CHAUDANSON,Nîmes,3256,Nîmes,OUVERT,MX, ,Montpellier,Montpellier,CHABANNES,RAPHAEL,frrcs3256@euromaster.com,04-66-01-72-96,06-85-31-20-00,04-49-06-52-03,1 COURS DE DION BOUTON CENTRE ROUTIER KILOMETRE DELTA,30900,NIMES,YORDIKIAN Rémy,PITON Geraldine,DE ROBERTIS XAVIER
PROVENCE ALPES COTE D'AZUR,CARTON,PROVENCE ALPES COTE D'AZUR VL,SCHMITT (RAVL), ,Antibes,3017,Antibes,OUVERT,VL, , ,Montpellier,BREVET,JEAN-BAPTISTE,FRRCS3017@euromaster.com,04-92-91-84-50,06-77-70-12-43,04-12-20-70-90,"754, ROUTE DE GRASSE",06600,ANTIBES,YORDIKIAN Rémy,PITON Geraldine,DE ROBERTIS XAVIER
PROVENCE ALPES COTE D'AZUR,CARTON,PROVENCE ALPES COTE D'AZUR VL,SCHMITT (RAVL), ,Cannes,3056,Cannes,OUVERT,VL, , ,Montpellier,BREVET,JEAN-BAPTISTE,frrcs3056@euromaster.com,04-93-48-72-00,06-77-70-12-43,01-71-83-44-15,"240, AVENUE FRANCIS TONER",06150,CANNES,YORDIKIAN Rémy,PITON Geraldine,DE ROBERTIS XAVIER
PROVENCE ALPES COTE D'AZUR,CARTON,PROVENCE ALPES COTE D'AZUR VL,SCHMITT (RAVL), ,Draguignan,3103,Draguignan,OUVERT,VL, , ,Montpellier,CASELLES,PAUL,frrcs3103@euromaster.com,04-94-50-45-70,06-77-27-75-39,04-65-95-93-10,QUARTIER ST LEGER R.N. 555,83300,DRAGUIGNAN,YORDIKIAN Rémy,PITON Geraldine,DE ROBERTIS XAVIER
PROVENCE ALPES COTE D'AZUR,CARTON,PROVENCE ALPES COTE D'AZUR VL,SCHMITT (RAVL), ,Manosque VL,3210,Manosque VL,OUVERT,VL,1, ,Montpellier,COTS,SEBASTIEN,FRRCS3210@euromaster.com,04-92-87-72-00,07-72-35-32-80,04-65-95-94-30,ROUTE DE LA DURANCE QUARTIER DU PRECHE,04100,MANOSQUE,YORDIKIAN Rémy,PITON Geraldine,DE ROBERTIS XAVIER
PROVENCE ALPES COTE D'AZUR,CARTON,PROVENCE ALPES COTE D'AZUR VL,SCHMITT (RAVL), ,Marseille Arnavaux VL,3214,Marseille Arnavaux VL,OUVERT,VL, , ,Montpellier,BARY,LAURENT,frrcs3214@euromaster.com,04-91-10-19-60,06-58-23-18-68,04-65-95-96-00,"15, BOULEVARD GAY LUSSAC Z.I. LES ARNAVAUX",13014,MARSEILLE,YORDIKIAN Rémy,PITON Geraldine,DE ROBERTIS XAVIER
PROVENCE ALPES COTE D'AZUR,CARTON,PROVENCE ALPES COTE D'AZUR VL,SCHMITT (RAVL), ,Marseille Sainte Marguerite VL,3215,Marseille Sainte Marguerite VL,OUVERT,VL, , ,Montpellier,MUSCATO,REMY,frrcs3215@euromaster.com,04-91-79-79-86,06-87-86-27-29,04-65-95-94-40,61 BD SAINTE MARGUERITE,13009,MARSEILLE,YORDIKIAN Rémy,PITON Geraldine,DE ROBERTIS XAVIER
PROVENCE ALPES COTE D'AZUR,CARTON,PROVENCE ALPES COTE D'AZUR VL,SCHMITT (RAVL), ,Marseille Timone VL,3216,Marseille Timone VL,OUVERT,VL, , ,Montpellier,BARY,LAURENT,FRRCS3216@euromaster.com,04-91-78-10-13,06-58-23-18-68,04-12-20-71-60,"37,  RUE DU CAPITAINE GALINAT",13010,MARSEILLE,YORDIKIAN Rémy,PITON Geraldine,DE ROBERTIS XAVIER
PROVENCE ALPES COTE D'AZUR,CARTON,PROVENCE ALPES COTE D'AZUR VL,SCHMITT (RAVL), ,Montpellier VL,3240,Montpellier VL,OUVERT,VL,4, ,Montpellier,KLOTZ,SAMUEL,frrcs3240@euromaster.com,04-67-92-05-93,06-85-03-81-06,04-48-18-94-00,AVENUE DU MAS D ARGELLIERS,34000,MONTPELLIER,YORDIKIAN Rémy,PITON Geraldine,DE ROBERTIS XAVIER
PROVENCE ALPES COTE D'AZUR,CARTON,PROVENCE ALPES COTE D'AZUR VL,SCHMITT (RAVL), ,Nice Montel VL,3254,Nice Montel VL,OUVERT,VL,3, ,Montpellier,WEBER,RUDY,frrcs3254@euromaster.com,04-97-25-76-60,06-58-64-69-78,01-71-41-51-07,"17, BOULEVARD PAUL MONTEL",06200,NICE,YORDIKIAN Rémy,PITON Geraldine,DE ROBERTIS XAVIER
PROVENCE ALPES COTE D'AZUR,CARTON,PROVENCE ALPES COTE D'AZUR VL,SCHMITT (RAVL), ,Saint Victoret,3322,Saint Victoret,OUVERT,VL,2, ,Montpellier,MARTINEZ,JEAN-CHARLES,frrcs3322@euromaster.com,04-42-89-07-88,06-85-04-62-68,04-88-43-97-00,BOULEVARD ROBERT FERRISSE,13730,ST VICTORET,YORDIKIAN Rémy,PITON Geraldine,DE ROBERTIS XAVIER
PROVENCE ALPES COTE D'AZUR,CARTON,PROVENCE ALPES COTE D'AZUR VL,SCHMITT (RAVL), ,Salon de Provence,3327,Salon de Provence,OUVERT,VL, , ,Montpellier,MARTINEZ,JEAN-CHARLES,FRRCS3327@euromaster.com,04-90-53-15-75,06-85-04-62-68,04-65-95-93-04,BOULEVARD DU ROI RENE,13300,SALON DE PROVENCE,YORDIKIAN Rémy,PITON Geraldine,DE ROBERTIS XAVIER
PROVENCE ALPES COTE D'AZUR,CARTON,ZONE MV MARTIGUES,ESQUIVE (RZ),CHAUDANSON,Arles,3019,Arles,OUVERT,MX, ,Montpellier,Montpellier,FABRE,GERALD,frrcs3019@euromaster.com,04-90-49-61-80,06-74-04-84-40,VL: 04-86-32-50-01 / VI: 04-86-32-50-00,ROUTE DES SAINTES MARIES R.D. 570,13200,ARLES,YORDIKIAN Rémy,PITON Geraldine,DE ROBERTIS XAVIER
PROVENCE ALPES COTE D'AZUR,CARTON,ZONE MV MARTIGUES,ESQUIVE (RZ),CHAUDANSON,Martigues,3218,Martigues,OUVERT,MX, , ,Montpellier,ESQUIVE,MICKAEL,FRRCS3218@euromaster.com,04-42-40-70-10,06-87-90-24-25,VL: 04-65-95-93-00 / VI: 04-65-95-93-01,PUITS DE POUANE R.N. 568,13500,MARTIGUES,YORDIKIAN Rémy,PITON Geraldine,DE ROBERTIS XAVIER
PROVENCE ALPES COTE D'AZUR,CARTON,ZONE MV TOULON, (RZ), ,Six Fours VL,3333,Six Fours VL,OUVERT,VL,1, ,Montpellier,NURIT,PIERRE,frrcs3333@euromaster.com,04-94-10-96-80,06-42-44-55-30,04-12-20-71-50,AVENUE DE L EUROPE ZA DES PLAYES,83140,SIX FOURS LES PLAGES,YORDIKIAN Rémy,PITON Geraldine,DE ROBERTIS XAVIER
PROVENCE ALPES COTE D'AZUR,CARTON,ZONE MV TOULON, (RZ),CHAUDANSON,La Garde,3171,La Garde,OUVERT,MX,1, ,Montpellier, , ,FRRCS3171@euromaster.com,04-94-08-01-48, ,VL: 02-76-52-75-05 / VI: 02-76-52-75-07,13 IMPASSE EDOUARD BRANLY ZI TOULON EST BP 503,83130,TOULON LA GARDE,YORDIKIAN Rémy,PITON Geraldine,DE ROBERTIS XAVIER
PROVENCE ALPES COTE D'AZUR,CARTON,ZONE MV VITROLLES,BOUCHEZ (RZ),CHAUDANSON,Aix les Milles,3005,Aix les Milles,OUVERT,MX, ,Montpellier,Montpellier,LIEURE,GUILLAUME,frrcs3005@euromaster.com,04-42-97-58-10,07-87-02-60-83,04-12-20-71-00,128 AVENUE DE BESSEMER ZI LES MILLES,13290,AIX EN PROVENCE,YORDIKIAN Rémy,PITON Geraldine,DE ROBERTIS XAVIER
PROVENCE ALPES COTE D'AZUR,CARTON,ZONE MV VITROLLES,BOUCHEZ (RZ),CHAUDANSON,Aubagne,3021,Aubagne,OUVERT,MX, , ,Montpellier,BOUIX,FLORENT,frrcs3021@euromaster.com,04-42-18-60-90,06-07-17-58-84,04-86-33-70-10,708 RN 8 ZI LES PALUDS,13400,AUBAGNE,YORDIKIAN Rémy,PITON Geraldine,DE ROBERTIS XAVIER
PROVENCE ALPES COTE D'AZUR,CARTON,ZONE MV VITROLLES,BOUCHEZ (RZ),CHAUDANSON,Vitrolles,3369,Vitrolles,OUVERT,MV ,Montpellier, ,BOUCHEZ,FREDERIC,FRRCS3369@euromaster.com,04-42-77-46-21,06-70-71-09-91,02-22-19-73-05,AVENUE DE BRUXELLES N 2 Z.I. DES ESTROUBLANS,13127,VITROLLES,YORDIKIAN Rémy,PITON Geraldine,DE ROBERTIS XAVIER
RHONE ALPES,CEDAT,RHONE ALPES MV Hors zones, ,LOPEZ,Bourg-Péronnas + base av.,3047,Bourg-Péronnas,OUVERT,MX, , ,St_Egreve,MORAND,GREGORY,frrcs3047@euromaster.com,04-74-21-20-99,06-08-70-88-53,VL: 02-56-05-91-15 / VI: 02-56-05-91-14,"738, AVENUE DE LYON",01960,PERONNAS,YORDIKIAN Rémy,CACHEUX Patricia,BOUKHAROUBA Laetitia
RHONE ALPES,CEDAT,RHONE ALPES MV Hors zones, ,LOPEZ,Bourgoin Maladiere,3046,Bourgoin Maladiere,OUVERT,MX, , ,Lyon,CHAUMONT,CHRISTOPHE,FRRCS3046@euromaster.com,04-74-19-00-90,06-70-90-51-18,VL: 04-27-54-72-01 / VI: 04-27-54-72-00,4 RUE ISAAC ASIMOV Z.I. DE LA MALADIERE,38300,BOURGOIN,YORDIKIAN Rémy,CACHEUX Patricia,BOUKHAROUBA Laetitia
RHONE ALPES,CEDAT,RHONE ALPES MV Hors zones, ,LOPEZ,Corbas VI,3089,Corbas VI,OUVERT,MV , , ,COLL VALLS,FRANCISCO,frrcs3089@euromaster.com,04-37-25-33-01,06-83-84-11-43,04-87-76-16-00,"52, RUE LOUIS PRADEL Z.I.",69960,CORBAS,YORDIKIAN Rémy,CACHEUX Patricia,BOUKHAROUBA Laetitia
RHONE ALPES,CEDAT,RHONE ALPES MV Hors zones, ,LOPEZ,Montélimar VI,3233,Montélimar VI,OUVERT,MV , , ,DEMARS,NICOLAS,frrcs3233@euromaster.com,04-75-92-05-50,06-73-68-30-84,04-65-95-94-10,ZI DU MEYROL,26200,MONTELIMAR,YORDIKIAN Rémy,CACHEUX Patricia,BOUKHAROUBA Laetitia
RHONE ALPES,CEDAT,RHONE ALPES MV Hors zones, ,LOPEZ,Roanne,3288,Roanne,OUVERT,MX, , ,St_Egreve,BRUN,FRANCK,FRRCS3288@euromaster.com,04-77-70-04-44,06-07-29-03-98,VL: 04-12-20-70-51 / VI: 04-12-20-70-50,"47, BLD CHARLES DE GAULLE Z.I.",42120,LE COTEAU,YORDIKIAN Rémy,CACHEUX Patricia,BOUKHAROUBA Laetitia
RHONE ALPES,CEDAT,RHONE ALPES MV Hors zones, ,LOPEZ,Saint Etienne Neyret,3307,Saint Etienne Neyret,OUVERT,MX,1,Clermont,St_Egreve,BRUN,FRANCK,frrcs3307@euromaster.com,04-77-49-08-77,06-07-29-03-98,04-65-95-93-50,"22, RUE JEAN NEYRET",42000,ST ETIENNE,YORDIKIAN Rémy,CACHEUX Patricia,BOUKHAROUBA Laetitia
RHONE ALPES,CEDAT,RHONE ALPES MV Hors zones, ,LOPEZ,Salaise VI,3325,Salaise VI,OUVERT,MV , , ,RUPI,KEVIN,frrcs3325@euromaster.com,04-74-29-42-62,06-74-98-93-17,04-12-20-70-60,318 RUE DES BALMES,38150,SALAISE S SANNE,YORDIKIAN Rémy,CACHEUX Patricia,BOUKHAROUBA Laetitia
RHONE ALPES,CEDAT,RHONE ALPES MV Hors zones, ,LOPEZ,Valence VI,3351,Valence VI,OUVERT,MV , , ,CHAREYRON,SYLVIE,frrcs3351@euromaster.com,04-75-57-67-40,06-40-79-10-74,04-12-20-71-10,RUE LOUIS SAILLANT ZI DE LA MOTTE,26800,PORTES LES VALENCE,YORDIKIAN Rémy,CACHEUX Patricia,BOUKHAROUBA Laetitia
RHONE ALPES,CEDAT,RHONE ALPES MV Hors zones, ,LOPEZ,Villefranche sur Saône,3362,Villefranche sur Saône,OUVERT,MX, , ,St_Egreve,MEY,GILLES,frrcs3362@euromaster.com,04-74-09-43-90,06-74-68-63-43,VL: 04-12-20-70-80 / VI: 04-12-20-70-85,AVENUE EDOUARD HERRIOT Z.I.,69400,VILLEFRANCHE  S/SAONE,YORDIKIAN Rémy,CACHEUX Patricia,BOUKHAROUBA Laetitia
RHONE ALPES,CEDAT,RHONE ALPES MV Hors zones, ,LOPEZ,Yssingeaux,3372,Yssingeaux,OUVERT,MX, , ,St_Egreve,COCHET,KARL,frrcs3372@euromaster.com,04-71-59-18-13,06-58-64-69-19,VL: 04-43-08-30-00 / VI: 04-43-08-30-00,ZA LA GUIDE LIEU-DIT LE FROMENTAL,43200,YSSINGEAUX,YORDIKIAN Rémy,CACHEUX Patricia,BOUKHAROUBA Laetitia
RHONE ALPES,CEDAT,RHONE ALPES VL, (RAVL), ,Corbas VL,3090,Corbas VL,OUVERT,VL, , ,Lyon,SAMIER,JEROME,FRRCS3090@euromaster.com,04-78-20-98-56,06-74-68-62-99,04-87-76-16-05,"52, RUE LOUIS PRADEL Z.I.",69960,CORBAS,YORDIKIAN Rémy,CACHEUX Patricia,BOUKHAROUBA Laetitia
RHONE ALPES,CEDAT,RHONE ALPES VL, (RAVL), ,Dardilly,3097,Dardilly,OUVERT,VL, , ,Lyon,SANCHEZ,RUDY,frrcs3097@euromaster.com,04-78-35-58-50,07-88-62-23-10,04-26-48-82-00,CHEMIN DES GORGES ZI LE PAISY,69570,DARDILLY,YORDIKIAN Rémy,CACHEUX Patricia,BOUKHAROUBA Laetitia
RHONE ALPES,CEDAT,RHONE ALPES VL, (RAVL), ,Lyon Berthelot VL,3205,Lyon Berthelot VL,OUVERT,VL, , ,Lyon,SANCHEZ,RUDY,FRRCS3205@euromaster.com,04-78-72-41-76,07-88-62-23-10,04-65-95-94-20,"190, AVENUE BERTHELOT",69007,LYON,YORDIKIAN Rémy,CACHEUX Patricia,BOUKHAROUBA Laetitia
RHONE ALPES,CEDAT,RHONE ALPES VL, (RAVL), ,Lyon Vaise VL,3208,Lyon Vaise VL,OUVERT,VL, , ,Lyon,SANCHEZ,RUDY,FRRCS3208@euromaster.com,04-78-83-77-76,07-88-62-23-10,04-12-20-70-40,"48, RUE DE BOURGOGNE",69009,LYON,YORDIKIAN Rémy,CACHEUX Patricia,BOUKHAROUBA Laetitia
RHONE ALPES,CEDAT,RHONE ALPES VL, (RAVL), ,Meyzieu,3226,Meyzieu,OUVERT,VL, , ,Lyon,SAMIER,JEROME,FRRCS3226@euromaster.com,04-78-04-30-29,06-74-68-62-99,04-12-20-71-80,CENTRE COMMERCIAL LECLERC,69330,MEYZIEU,YORDIKIAN Rémy,CACHEUX Patricia,BOUKHAROUBA Laetitia
RHONE ALPES,CEDAT,RHONE ALPES VL, (RAVL), ,Montélimar VL,3234,Montélimar VL,OUVERT,VL, , ,Lyon,HARDY,CHRISTIAN,FRRCS3234@euromaster.com,04-75-92-02-60,06-14-03-36-27,04-69-26-73-00,"112,  AVENUE JEAN JAURES",26200,MONTELIMAR,YORDIKIAN Rémy,CACHEUX Patricia,BOUKHAROUBA Laetitia
RHONE ALPES,CEDAT,RHONE ALPES VL, (RAVL), ,Salaise VL,3326,Salaise VL,OUVERT,VL, , ,Lyon,CHASSIGNOL,ADRIEN,FRRCS3326@euromaster.com,04-74-11-12-90,06-30-95-97-79,04-12-20-70-65,ZA CHAMPS ROLLAND 219 RUE D ALAMBERT,38150,SALAISE S SANNE,YORDIKIAN Rémy,CACHEUX Patricia,BOUKHAROUBA Laetitia
RHONE ALPES,CEDAT,RHONE ALPES VL, (RAVL), ,Valence VL,3352,Valence VL,OUVERT,VL,1, ,Lyon,CHASSIGNOL,ADRIEN,frrcs3352@euromaster.com,04-75-44-13-40,06-30-95-97-79,04-65-95-93-60,AVENUE DE PROVENCE PONT DES ANGLAIS,26000,VALENCE,YORDIKIAN Rémy,CACHEUX Patricia,BOUKHAROUBA Laetitia
RHONE ALPES,CEDAT,RHONE ALPES VL, (RAVL), ,Venissieux VL,3357,Venissieux VL,OUVERT,VL,6, ,Lyon,SAMIER,JEROME,frrcs3357@euromaster.com,04-72-90-13-90,06-74-68-62-99,03-58-93-62-06,"69, RUE ANDRE SENTUC ZAC DE L ARSENAL",69200,VENISSIEUX,YORDIKIAN Rémy,CACHEUX Patricia,BOUKHAROUBA Laetitia
RHONE ALPES,CEDAT,ZONE MV GRENOBLE,DELOLME (RZ), ,Moutiers,3243,Moutiers,OUVERT,VL, , ,St_Egreve,TOUTAIN,ARNAUD,FRRCS3243@euromaster.com,04-79-24-21-95,07-86-00-16-71,04-51-23-10-50,CTRE COMM. ZAC DE LA CHAUDANNE AVENUE DES JEUX OLYMPIQUES,73600,MOUTIERS,YORDIKIAN Rémy,CACHEUX Patricia,BOUKHAROUBA Laetitia
RHONE ALPES,CEDAT,ZONE MV GRENOBLE,DELOLME (RZ),LOPEZ,Albertville,3006,Albertville,OUVERT,MX, ,St_Egreve,St_Egreve,TOUTAIN,ARNAUD,frrcs3006@euromaster.com,04-79-10-02-20,07-86-00-16-71,VL: 04-56-28-70-01 / VI: 04-56-28-70-00,RUE LOUIS ARMAND,73200,ALBERTVILLE,YORDIKIAN Rémy,CACHEUX Patricia,BOUKHAROUBA Laetitia
RHONE ALPES,CEDAT,ZONE MV GRENOBLE,DELOLME (RZ),LOPEZ,Chambéry Saint Alban + base av.,3069,Chambéry Saint Alban,OUVERT,MX, ,St_Egreve,St_Egreve,GENEUX,BRUNO,frrcs3069@euromaster.com,04-79-33-20-09,06-86-08-01-16,04-56-11-71-00,"672, AVENUE DE CHAMBERY",73230,ST ALBAN,YORDIKIAN Rémy,CACHEUX Patricia,BOUKHAROUBA Laetitia
RHONE ALPES,CEDAT,ZONE MV GRENOBLE,DELOLME (RZ),LOPEZ,Chambéry Saint Alban + base av.,3399,Base av. La Motte Servolex,OUVERT,BASE AV, , , ,GENEUX,BRUNO,frrcs3069@euromaster.com,04-79-33-20-09,06-86-08-01-16, ,1327 avenue de la Houille Blanche,73000,LA MOTTE SERVOLEX,YORDIKIAN Rémy, , 
RHONE ALPES,CEDAT,ZONE MV GRENOBLE,DELOLME (RZ),LOPEZ,Saint Egrève VI,3303,Saint Egrève VI,OUVERT,MV ,St_Egreve, ,DELOLME,WILLIAM,FRRCS3303@euromaster.com,04-38-02-19-50,06-32-76-80-72,02-49-03-70-00,"54, RUE DU PONT NOIR",38120,ST EGREVE,YORDIKIAN Rémy,CACHEUX Patricia,BOUKHAROUBA Laetitia
RHONE ALPES,CEDAT,ZONE MV ST PIERREenFAUCIGNY,PASTORE (RZ),LOPEZ,Annecy,3016,Annecy,OUVERT,MX,1,St_Egreve,St_Egreve,GUEBEY,SOPHIE,frrcs3016@euromaster.com,04-50-45-99-70,06-85-45-35-50,04-65-95-93-30,"6, RUE DE LA CEZIERE Z.I. DE VOVRAY",74600,ANNECY SEYNOD,YORDIKIAN Rémy,CACHEUX Patricia,BOUKHAROUBA Laetitia
RHONE ALPES,CEDAT,ZONE MV ST PIERREenFAUCIGNY,PASTORE (RZ),LOPEZ,Ferney Voltaire,3149,Ferney Voltaire,OUVERT,MX, ,St_Egreve,St_Egreve,SEVAT,KILLIAN,frrcs3149@euromaster.com,04-50-40-58-02, ,04-51-23-10-00,"19,  RUE DE LA POTERIE",01210,FERNEY VOLTAIRE,YORDIKIAN Rémy,CACHEUX Patricia,BOUKHAROUBA Laetitia
RHONE ALPES,CEDAT,ZONE MV ST PIERREenFAUCIGNY,PASTORE (RZ),LOPEZ,Saint Pierre en Faucigny + base av.,3320,Saint Pierre en Faucigny,OUVERT,MV , , ,PASTORE,ENZO,FRRCS3320@euromaster.com,04-50-25-07-08,06-74-68-65-24,04-58-66-80-00,30 RUE CHAMPS PLANS LIEU DIT LES JOURDIES,74800,SAINT PIERRE EN FAUCIGNY,YORDIKIAN Rémy,CACHEUX Patricia,BOUKHAROUBA Laetitia
RHONE ALPES,CEDAT,ZONE MV ST PIERREenFAUCIGNY,PASTORE (RZ),LOPEZ,Saint Pierre en Faucigny + base av.,3440,Base av. Thonon les bains,OUVERT,BASE AV, , , ,PASTORE,ENZO,FRRCS3320@euromaster.com, ,06-74-68-65-24, , , , ,YORDIKIAN Rémy, , 
RHONE ALPES,CEDAT,ZONE VL GRENOBLE,GOZDZ (RZ), ,Echirolles VL,3142,Echirolles VL,OUVERT,VL, , ,St_Egreve,DURRIEU,THOMAS,frrcs3142@euromsater.com,04-76-09-11-95,06-73-53-52-78,03-59-53-68-02,"71, COURS JEAN JAURES LA QUINZAINE",38130,ECHIROLLES,YORDIKIAN Rémy,CACHEUX Patricia,BOUKHAROUBA Laetitia
RHONE ALPES,CEDAT,ZONE VL GRENOBLE,GOZDZ (RZ), ,Fontaine VL,3153,Fontaine VL,OUVERT,VL,2, ,St_Egreve,GOZDZ,KRZYSZTOF,FRRCS3153@euromaster.com,04-76-26-32-45,06-30-92-93-71,04-56-24-95-00,"39, BOULEVARD PAUL LANGEVIN",38600,FONTAINE,YORDIKIAN Rémy,CACHEUX Patricia,BOUKHAROUBA Laetitia
RHONE ALPES,CEDAT,ZONE VL GRENOBLE,GOZDZ (RZ), ,Saint Egrève VL,3304,Saint Egrève VL,OUVERT,VL, , ,St_Egreve,DURRIEU,THOMAS,FRRCS3304@euromaster.com,04-76-75-86-69,06-73-53-52-78,05-16-75-70-04,AVENUE DE L ILE BRUNE Z.I.,38120,ST EGREVE,YORDIKIAN Rémy,CACHEUX Patricia,BOUKHAROUBA Laetitia
RHONE ALPES,CEDAT,ZONE VL GRENOBLE,GOZDZ (RZ), ,Voiron,3371,Voiron,OUVERT,VL, , ,St_Egreve,GOZDZ,KRZYSZTOF,FRRCS3371@euromaster.com,04-76-05-06-39,06-30-92-93-71,02-49-03-70-64,"6, RUE DE L INDUSTRIE",38500,VOIRON,YORDIKIAN Rémy,CACHEUX Patricia,BOUKHAROUBA Laetitia